{
	"__license": "This file has been derived from Unicode Common Locale Data Repository (CLDR) files (http://cldr.unicode.org). See the copyright and permission notice in the Unicode-Data-Files-LICENSE.txt available at the same location as this file or visit http://www.unicode.org/copyright.html",
	"languages": {
		"aa": "afar",
		"ab": "abkhasisk",
		"ace": "achinesisk",
		"ach": "acoli",
		"ada": "adangme",
		"ady": "adyghe",
		"ae": "avestan",
		"af": "afrikaans",
		"afh": "afrihili",
		"agq": "aghem",
		"ain": "ainu",
		"ak": "akan",
		"akk": "akkadisk",
		"ale": "aleutisk",
		"alt": "sydaltaisk",
		"am": "amharisk",
		"an": "aragonesisk",
		"ang": "oldengelsk",
		"anp": "angika",
		"ar": "arabisk",
		"ar_001": "moderne standardarabisk",
		"arc": "aramæisk",
		"arn": "mapudungun",
		"arp": "arapaho",
		"ars": "Najd-arabisk",
		"arw": "arawak",
		"as": "assamesisk",
		"asa": "asu",
		"ast": "asturisk",
		"av": "avarisk",
		"awa": "awadhi",
		"ay": "aymara",
		"az": "aserbajdsjansk",
		"az_alt-short": "azeri",
		"ba": "bashkir",
		"bal": "baluchi",
		"ban": "balinesisk",
		"bas": "basaa",
		"bax": "bamun",
		"bbj": "ghomala",
		"be": "hviderussisk",
		"bej": "beja",
		"bem": "bemba",
		"bez": "bena",
		"bfd": "bafut",
		"bg": "bulgarsk",
		"bgn": "vestbaluchi",
		"bho": "bhojpuri",
		"bi": "bislama",
		"bik": "bikol",
		"bin": "bini",
		"bkm": "kom",
		"bla": "siksika",
		"bm": "bambara",
		"bn": "bengali",
		"bo": "tibetansk",
		"br": "bretonsk",
		"bra": "braj",
		"brx": "bodo",
		"bs": "bosnisk",
		"bss": "bakossi",
		"bua": "buriatisk",
		"bug": "buginesisk",
		"bum": "bulu",
		"byn": "blin",
		"byv": "medumba",
		"ca": "catalansk",
		"cad": "caddo",
		"car": "caribisk",
		"cay": "cayuga",
		"cch": "atsam",
		"ccp": "ccp",
		"ce": "tjetjensk",
		"ceb": "cebuano",
		"cgg": "chiga",
		"ch": "chamorro",
		"chb": "chibcha",
		"chg": "chagatai",
		"chk": "chuukese",
		"chm": "mari",
		"chn": "chinook",
		"cho": "choctaw",
		"chp": "chipewyan",
		"chr": "cherokee",
		"chy": "cheyenne",
		"ckb": "sorani",
		"co": "korsikansk",
		"cop": "koptisk",
		"cr": "cree",
		"crh": "krim-tyrkisk",
		"crs": "seselwa (kreol-fransk)",
		"cs": "tjekkisk",
		"csb": "kasjubisk",
		"cu": "kirkeslavisk",
		"cv": "chuvash",
		"cy": "walisisk",
		"da": "dansk",
		"dak": "dakota",
		"dar": "dargwa",
		"dav": "taita",
		"de": "tysk",
		"de_AT": "østrigsk tysk",
		"de_CH": "schweizerhøjtysk",
		"del": "delaware",
		"den": "athapaskisk",
		"dgr": "dogrib",
		"din": "dinka",
		"dje": "zarma",
		"doi": "dogri",
		"dsb": "nedersorbisk",
		"dua": "duala",
		"dum": "middelhollandsk",
		"dv": "divehi",
		"dyo": "jola-fonyi",
		"dyu": "dyula",
		"dz": "dzongkha",
		"dzg": "dazaga",
		"ebu": "kiembu",
		"ee": "ewe",
		"efi": "efik",
		"egy": "oldegyptisk",
		"eka": "ekajuk",
		"el": "græsk",
		"elx": "elamitisk",
		"en": "engelsk",
		"en_AU": "australsk engelsk",
		"en_CA": "canadisk engelsk",
		"en_GB": "britisk engelsk",
		"en_GB-alt-short": "engelsk (UK)",
		"en_US": "amerikansk engelsk",
		"en_US-alt-short": "engelsk (USA)",
		"enm": "middelengelsk",
		"eo": "esperanto",
		"es": "spansk",
		"es_419": "latinamerikansk spansk",
		"es_ES": "europæisk spansk",
		"es_MX": "mexicansk spansk",
		"et": "estisk",
		"eu": "baskisk",
		"ewo": "ewondo",
		"fa": "persisk",
		"fan": "fang",
		"fat": "fanti",
		"ff": "fulah",
		"fi": "finsk",
		"fil": "filippinsk",
		"fj": "fijiansk",
		"fo": "færøsk",
		"fon": "fon",
		"fr": "fransk",
		"fr_CA": "canadisk fransk",
		"fr_CH": "schweizisk fransk",
		"frc": "cajunfransk",
		"frm": "middelfransk",
		"fro": "oldfransk",
		"frr": "nordfrisisk",
		"frs": "østfrisisk",
		"fur": "friulian",
		"fy": "vestfrisisk",
		"ga": "irsk",
		"gaa": "ga",
		"gag": "gagauzisk",
		"gan": "gan-kinesisk",
		"gay": "gayo",
		"gba": "gbaya",
		"gd": "skotsk gælisk",
		"gez": "geez",
		"gil": "gilbertesisk",
		"gl": "galicisk",
		"gmh": "middelhøjtysk",
		"gn": "guarani",
		"goh": "oldhøjtysk",
		"gon": "gondi",
		"gor": "gorontalo",
		"got": "gotisk",
		"grb": "grebo",
		"grc": "oldgræsk",
		"gsw": "schweizertysk",
		"gu": "gujarati",
		"guz": "gusii",
		"gv": "manx",
		"gwi": "gwichin",
		"ha": "hausa",
		"hai": "haida",
		"hak": "hakka-kinesisk",
		"haw": "hawaiiansk",
		"he": "hebraisk",
		"hi": "hindi",
		"hil": "hiligaynon",
		"hit": "hittitisk",
		"hmn": "hmong",
		"ho": "hirimotu",
		"hr": "kroatisk",
		"hsb": "øvresorbisk",
		"hsn": "xiang-kinesisk",
		"ht": "haitisk",
		"hu": "ungarsk",
		"hup": "hupa",
		"hy": "armensk",
		"hz": "herero",
		"ia": "interlingua",
		"iba": "iban",
		"ibb": "ibibio",
		"id": "indonesisk",
		"ie": "interlingue",
		"ig": "igbo",
		"ii": "sichuan yi",
		"ik": "inupiaq",
		"ilo": "iloko",
		"inh": "ingush",
		"io": "ido",
		"is": "islandsk",
		"it": "italiensk",
		"iu": "inuktitut",
		"ja": "japansk",
		"jbo": "lojban",
		"jgo": "ngomba",
		"jmc": "machame",
		"jpr": "jødisk-persisk",
		"jrb": "jødisk-arabisk",
		"jv": "javanesisk",
		"ka": "georgisk",
		"kaa": "karakalpakisk",
		"kab": "kabylisk",
		"kac": "kachin",
		"kaj": "jju",
		"kam": "kamba",
		"kaw": "kawi",
		"kbd": "kabardian",
		"kbl": "kanembu",
		"kcg": "tyap",
		"kde": "makonde",
		"kea": "kapverdisk",
		"kfo": "koro",
		"kg": "kongo",
		"kha": "khasi",
		"kho": "khotanesisk",
		"khq": "koyra-chiini",
		"ki": "kikuyu",
		"kj": "kuanyama",
		"kk": "kasakhisk",
		"kkj": "kako",
		"kl": "grønlandsk",
		"kln": "kalenjin",
		"km": "khmer",
		"kmb": "kimbundu",
		"kn": "kannada",
		"ko": "koreansk",
		"koi": "komi-permjakisk",
		"kok": "konkani",
		"kos": "kosraean",
		"kpe": "kpelle",
		"kr": "kanuri",
		"krc": "karatjai-balkar",
		"krl": "karelsk",
		"kru": "kurukh",
		"ks": "kashmiri",
		"ksb": "shambala",
		"ksf": "bafia",
		"ksh": "kölsch",
		"ku": "kurdisk",
		"kum": "kymyk",
		"kut": "kutenaj",
		"kv": "komi",
		"kw": "cornisk",
		"ky": "kirgisisk",
		"la": "latin",
		"lad": "ladino",
		"lag": "langi",
		"lah": "lahnda",
		"lam": "lamba",
		"lb": "luxembourgsk",
		"lez": "lezghian",
		"lg": "ganda",
		"li": "limburgsk",
		"lkt": "lakota",
		"ln": "lingala",
		"lo": "lao",
		"lol": "mongo",
		"lou": "Louisiana-kreolsk",
		"loz": "lozi",
		"lrc": "nordluri",
		"lt": "litauisk",
		"lu": "luba-Katanga",
		"lua": "luba-Lulua",
		"lui": "luiseno",
		"lun": "lunda",
		"luo": "luo",
		"lus": "lushai",
		"luy": "luyana",
		"lv": "lettisk",
		"mad": "madurese",
		"maf": "mafa",
		"mag": "magahi",
		"mai": "maithili",
		"mak": "makasar",
		"man": "mandingo",
		"mas": "masai",
		"mde": "maba",
		"mdf": "moksha",
		"mdr": "mandar",
		"men": "mende",
		"mer": "meru",
		"mfe": "morisyen",
		"mg": "malagassisk",
		"mga": "middelirsk",
		"mgh": "makhuwa-meetto",
		"mgo": "meta",
		"mh": "marshallese",
		"mi": "maori",
		"mic": "micmac",
		"min": "minangkabau",
		"mk": "makedonsk",
		"ml": "malayalam",
		"mn": "mongolsk",
		"mnc": "manchu",
		"mni": "manipuri",
		"moh": "mohawk",
		"mos": "mossi",
		"mr": "marathisk",
		"ms": "malajisk",
		"mt": "maltesisk",
		"mua": "mundang",
		"mul": "flere sprog",
		"mus": "creek",
		"mwl": "mirandesisk",
		"mwr": "marwari",
		"my": "burmesisk",
		"mye": "myene",
		"myv": "erzya",
		"mzn": "mazenisk",
		"na": "nauru",
		"nan": "min-kinesisk",
		"nap": "napolitansk",
		"naq": "nama",
		"nb": "norsk bokmål",
		"nd": "nordndebele",
		"nds": "nedertysk",
		"nds_NL": "nedertysk (Holland)",
		"ne": "nepalesisk",
		"new": "newari",
		"ng": "ndonga",
		"nia": "nias",
		"niu": "niueansk",
		"nl": "hollandsk",
		"nl_BE": "flamsk",
		"nmg": "kwasio",
		"nn": "nynorsk",
		"nnh": "ngiemboon",
		"no": "norsk",
		"nog": "nogai",
		"non": "oldislandsk",
		"nqo": "n-ko",
		"nr": "sydndebele",
		"nso": "nordsotho",
		"nus": "nuer",
		"nv": "navajo",
		"nwc": "klassisk newarisk",
		"ny": "nyanja",
		"nym": "nyamwezi",
		"nyn": "nyankole",
		"nyo": "nyoro-sprog",
		"nzi": "nzima",
		"oc": "occitansk",
		"oj": "ojibwa",
		"om": "oromo",
		"or": "oriya",
		"os": "ossetisk",
		"osa": "osage",
		"ota": "osmannisk tyrkisk",
		"pa": "punjabisk",
		"pag": "pangasinan",
		"pal": "pahlavi",
		"pam": "pampanga",
		"pap": "papiamento",
		"pau": "palauansk",
		"pcm": "nigeriansk pidgin",
		"peo": "oldpersisk",
		"phn": "fønikisk",
		"pi": "pali",
		"pl": "polsk",
		"pon": "ponape",
		"prg": "preussisk",
		"pro": "oldprovencalsk",
		"ps": "pashto",
		"ps_alt-variant": "pushto",
		"pt": "portugisisk",
		"pt_BR": "brasiliansk portugisisk",
		"pt_PT": "europæisk portugisisk",
		"qu": "quechua",
		"quc": "quiché",
		"raj": "rajasthani",
		"rap": "rapanui",
		"rar": "rarotonga",
		"rm": "rætoromansk",
		"rn": "rundi",
		"ro": "rumænsk",
		"ro_MD": "moldovisk",
		"rof": "rombo",
		"rom": "romani",
		"root": "rod",
		"ru": "russisk",
		"rup": "arumænsk",
		"rw": "kinyarwanda",
		"rwk": "rwa",
		"sa": "sanskrit",
		"sad": "sandawe",
		"sah": "yakut",
		"sam": "samaritansk aramæisk",
		"saq": "samburu",
		"sas": "sasak",
		"sat": "santali",
		"sba": "ngambay",
		"sbp": "sangu",
		"sc": "sardinsk",
		"scn": "siciliansk",
		"sco": "skotsk",
		"sd": "sindhi",
		"sdh": "sydkurdisk",
		"se": "nordsamisk",
		"see": "seneca",
		"seh": "sena",
		"sel": "selkupisk",
		"ses": "koyraboro senni",
		"sg": "sango",
		"sga": "oldirsk",
		"sh": "serbokroatisk",
		"shi": "tachelhit",
		"shn": "shan",
		"shu": "tchadisk arabisk",
		"si": "singalesisk",
		"sid": "sidamo",
		"sk": "slovakisk",
		"sl": "slovensk",
		"sm": "samoansk",
		"sma": "sydsamisk",
		"smj": "lulesamisk",
		"smn": "enaresamisk",
		"sms": "skoltesamisk",
		"sn": "shona",
		"snk": "soninke",
		"so": "somali",
		"sog": "sogdiansk",
		"sq": "albansk",
		"sr": "serbisk",
		"srn": "sranan tongo",
		"srr": "serer",
		"ss": "swati",
		"ssy": "saho",
		"st": "sydsotho",
		"su": "sundanesisk",
		"suk": "sukuma",
		"sus": "susu",
		"sux": "sumerisk",
		"sv": "svensk",
		"sw": "swahili",
		"sw_CD": "congolesisk swahili",
		"swb": "shimaore",
		"syc": "klassisk syrisk",
		"syr": "syrisk",
		"ta": "tamil",
		"te": "telugu",
		"tem": "temne",
		"teo": "teso",
		"ter": "tereno",
		"tet": "tetum",
		"tg": "tadsjikisk",
		"th": "thai",
		"ti": "tigrinya",
		"tig": "tigre",
		"tiv": "tivi",
		"tk": "turkmensk",
		"tkl": "tokelau",
		"tl": "tagalog",
		"tlh": "klingon",
		"tli": "tlingit",
		"tmh": "tamashek",
		"tn": "tswana",
		"to": "tongansk",
		"tog": "nyasa tongansk",
		"tpi": "tok pisin",
		"tr": "tyrkisk",
		"trv": "taroko",
		"ts": "tsonga",
		"tsi": "tsimshisk",
		"tt": "tatarisk",
		"tum": "tumbuka",
		"tvl": "tuvaluansk",
		"tw": "twi",
		"twq": "tasawaq",
		"ty": "tahitiansk",
		"tyv": "tuvinian",
		"tzm": "centralmarokkansk tamazight",
		"udm": "udmurt",
		"ug": "uygurisk",
		"ug_alt-variant": "uighurisk",
		"uga": "ugaristisk",
		"uk": "ukrainsk",
		"umb": "umbundu",
		"und": "ukendt sprog",
		"ur": "urdu",
		"uz": "usbekisk",
		"vai": "vai",
		"ve": "venda",
		"vi": "vietnamesisk",
		"vo": "volapyk",
		"vot": "votisk",
		"vun": "vunjo",
		"wa": "vallonsk",
		"wae": "walsertysk",
		"wal": "walamo",
		"war": "waray",
		"was": "washo",
		"wbp": "walbiri",
		"wo": "wolof",
		"wuu": "wu-kinesisk",
		"xal": "kalmyk",
		"xh": "isiXhosa",
		"xog": "soga",
		"yao": "yao",
		"yap": "yapese",
		"yav": "yangben",
		"ybb": "yemba",
		"yi": "jiddisch",
		"yo": "yoruba",
		"yue": "kantonesisk",
		"za": "zhuang",
		"zap": "zapotec",
		"zbl": "blissymboler",
		"zen": "zenaga",
		"zgh": "tamazight",
		"zh": "kinesisk",
		"zh_Hans": "forenklet kinesisk",
		"zh_Hant": "traditionelt kinesisk",
		"zu": "zulu",
		"zun": "zuni",
		"zxx": "intet sprogligt indhold",
		"zza": "zaza"
	},
	"scripts": {
		"Adlm": "Adlm",
		"Afak": "afaka",
		"Aghb": "Aghb",
		"Ahom": "Ahom",
		"Arab": "arabisk",
		"Arab-alt-variant": "persisk-arabisk",
		"Armi": "armi",
		"Armn": "armensk",
		"Avst": "avestansk",
		"Bali": "balinesisk",
		"Bamu": "bamum",
		"Bass": "bassa",
		"Batk": "batak",
		"Beng": "bengali",
		"Bhks": "Bhks",
		"Blis": "blissymboler",
		"Bopo": "bopomofo",
		"Brah": "bramisk",
		"Brai": "punktskrift",
		"Bugi": "buginesisk",
		"Buhd": "buhid",
		"Cakm": "cakm",
		"Cans": "oprindelige canadiske symboler",
		"Cari": "kariansk",
		"Cham": "cham",
		"Cher": "cherokee",
		"Cirt": "cirt",
		"Copt": "koptisk",
		"Cprt": "cypriotisk",
		"Cyrl": "kyrillisk",
		"Cyrs": "kyrillisk - oldkirkeslavisk variant",
		"Deva": "devanagari",
		"Dogr": "Dogr",
		"Dsrt": "deseret",
		"Dupl": "Duploya-stenografi",
		"Egyd": "egyptisk demotisk",
		"Egyh": "egyptisk hieratisk",
		"Egyp": "egyptiske hieroglyffer",
		"Elba": "Elba",
		"Ethi": "etiopisk",
		"Geok": "georgisk kutsuri",
		"Geor": "georgisk",
		"Glag": "glagolitisk",
		"Gong": "Gong",
		"Gonm": "Gonm",
		"Goth": "gotisk",
		"Gran": "grantha",
		"Grek": "græsk",
		"Gujr": "gujarati",
		"Guru": "gurmukhi",
		"Hanb": "han med bopomofo",
		"Hang": "hangul",
		"Hani": "han",
		"Hano": "hanunoo",
		"Hans": "forenklet",
		"Hans-alt-stand-alone": "forenklet han",
		"Hant": "traditionelt",
		"Hant-alt-stand-alone": "traditionelt han",
		"Hatr": "Hatr",
		"Hebr": "hebraisk",
		"Hira": "hiragana",
		"Hluw": "anatolske hieroglyffer",
		"Hmng": "pahawh hmong",
		"Hrkt": "japanske skrifttegn",
		"Hung": "oldungarsk",
		"Inds": "indus",
		"Ital": "Olditalisk",
		"Jamo": "jamo",
		"Java": "javanesisk",
		"Jpan": "japansk",
		"Jurc": "jurchen",
		"Kali": "kaya li",
		"Kana": "katakana",
		"Khar": "kharoshti",
		"Khmr": "khmer",
		"Khoj": "khojki",
		"Knda": "kannada",
		"Kore": "koreansk",
		"Kpel": "kpelle",
		"Kthi": "kthi",
		"Lana": "lanna",
		"Laoo": "lao",
		"Latf": "latinsk - frakturvariant",
		"Latg": "latinsk - gælisk variant",
		"Latn": "latinsk",
		"Lepc": "lepcha",
		"Limb": "limbu",
		"Lina": "lineær A",
		"Linb": "lineær B",
		"Lisu": "lisu",
		"Loma": "loma",
		"Lyci": "lykisk",
		"Lydi": "lydisk",
		"Mahj": "Mahj",
		"Maka": "Maka",
		"Mand": "mandaisk",
		"Mani": "manikæisk",
		"Marc": "Marc",
		"Maya": "mayahieroglyffer",
		"Medf": "Medf",
		"Mend": "mende",
		"Merc": "metroitisk sammenhængende",
		"Mero": "meroitisk",
		"Mlym": "malayalam",
		"Modi": "Modi",
		"Mong": "mongolsk",
		"Moon": "moon",
		"Mroo": "mroo",
		"Mtei": "meitei-mayek",
		"Mult": "Mult",
		"Mymr": "burmesisk",
		"Narb": "gammelt nordarabisk",
		"Nbat": "nabateisk",
		"Newa": "Newa",
		"Nkgb": "nakhi geba",
		"Nkoo": "n’ko",
		"Nshu": "nüshu",
		"Ogam": "ogham",
		"Olck": "ol-chiki",
		"Orkh": "orkhon",
		"Orya": "oriya",
		"Osge": "Osge",
		"Osma": "osmannisk",
		"Palm": "palmyrensk",
		"Pauc": "Pauc",
		"Perm": "oldpermisk",
		"Phag": "phags-pa",
		"Phli": "phli",
		"Phlp": "phlp",
		"Phlv": "pahlavi",
		"Phnx": "fønikisk",
		"Plrd": "pollardtegn",
		"Prti": "prti",
		"Qaag": "Qaag",
		"Rjng": "rejang",
		"Rohg": "Rohg",
		"Roro": "rongo-rongo",
		"Runr": "runer",
		"Samr": "samaritansk",
		"Sara": "sarati",
		"Sarb": "oldsørarabisk",
		"Saur": "saurashtra",
		"Sgnw": "tegnskrift",
		"Shaw": "shavisk",
		"Shrd": "sharada",
		"Sidd": "Sidd",
		"Sind": "khudawadi",
		"Sinh": "singalesisk",
		"Sogd": "Sogd",
		"Sogo": "Sogo",
		"Sora": "sora",
		"Soyo": "Soyo",
		"Sund": "sundanesisk",
		"Sylo": "syloti nagri",
		"Syrc": "syrisk",
		"Syre": "syrisk - estrangelovariant",
		"Syrj": "vestsyrisk",
		"Syrn": "østsyriakisk",
		"Tagb": "tagbanwa",
		"Takr": "takri",
		"Tale": "tai le",
		"Talu": "tai lue",
		"Taml": "tamilsk",
		"Tang": "tangut",
		"Tavt": "tavt",
		"Telu": "telugu",
		"Teng": "tengwar",
		"Tfng": "tifinagh",
		"Tglg": "tagalog",
		"Thaa": "thaana",
		"Thai": "thailandsk",
		"Tibt": "tibetansk",
		"Tirh": "tirhuta",
		"Ugar": "ugaritisk",
		"Vaii": "vai",
		"Visp": "synlig tale",
		"Wara": "varang kshiti",
		"Wole": "woleai",
		"Xpeo": "oldpersisk",
		"Xsux": "sumero-akkadisk cuneiform",
		"Yiii": "yi",
		"Zanb": "Zanb",
		"Zinh": "arvet",
		"Zmth": "matematisk notation",
		"Zsye": "emoji",
		"Zsym": "symboler",
		"Zxxx": "uden skriftsprog",
		"Zyyy": "fælles",
		"Zzzz": "ukendt skriftsprog"
	},
	"territories": {
		"142": "Asien",
		"143": "Centralasien",
		"145": "Vestasien",
		"150": "Europa",
		"151": "Østeuropa",
		"154": "Nordeuropa",
		"155": "Vesteuropa",
		"202": "Subsaharisk Afrika",
		"419": "Latinamerika",
		"001": "Verden",
		"002": "Afrika",
		"003": "Nordamerika",
		"005": "Sydamerika",
		"009": "Oceanien",
		"011": "Vestafrika",
		"013": "Mellemamerika",
		"014": "Østafrika",
		"015": "Nordafrika",
		"017": "Centralafrika",
		"018": "Det sydlige Afrika",
		"019": "Nord-, Mellem- og Sydamerika",
		"021": "Det nordlige Amerika",
		"029": "Caribien",
		"030": "Østasien",
		"034": "Sydasien",
		"035": "Sydøstasien",
		"039": "Sydeuropa",
		"053": "Australasien",
		"054": "Melanesien",
		"057": "Mikronesiske område",
		"061": "Polynesien",
		"AC": "Ascensionøen",
		"AD": "Andorra",
		"AE": "De Forenede Arabiske Emirater",
		"AF": "Afghanistan",
		"AG": "Antigua og Barbuda",
		"AI": "Anguilla",
		"AL": "Albanien",
		"AM": "Armenien",
		"AO": "Angola",
		"AQ": "Antarktis",
		"AR": "Argentina",
		"AS": "Amerikansk Samoa",
		"AT": "Østrig",
		"AU": "Australien",
		"AW": "Aruba",
		"AX": "Åland",
		"AZ": "Aserbajdsjan",
		"BA": "Bosnien-Hercegovina",
		"BB": "Barbados",
		"BD": "Bangladesh",
		"BE": "Belgien",
		"BF": "Burkina Faso",
		"BG": "Bulgarien",
		"BH": "Bahrain",
		"BI": "Burundi",
		"BJ": "Benin",
		"BL": "Saint Barthélemy",
		"BM": "Bermuda",
		"BN": "Brunei",
		"BO": "Bolivia",
		"BQ": "De tidligere Nederlandske Antiller",
		"BR": "Brasilien",
		"BS": "Bahamas",
		"BT": "Bhutan",
		"BV": "Bouvetøen",
		"BW": "Botswana",
		"BY": "Hviderusland",
		"BZ": "Belize",
		"CA": "Canada",
		"CC": "Cocosøerne",
		"CD": "Congo-Kinshasa",
		"CD-alt-variant": "Den Demokratiske Republik Congo (DRC)",
		"CF": "Den Centralafrikanske Republik",
		"CG": "Congo-Brazzaville",
		"CG-alt-variant": "Republikken Congo",
		"CH": "Schweiz",
		"CI": "Elfenbenskysten",
		"CI-alt-variant": "CI",
		"CK": "Cookøerne",
		"CL": "Chile",
		"CM": "Cameroun",
		"CN": "Kina",
		"CO": "Colombia",
		"CP": "Clippertonøen",
		"CR": "Costa Rica",
		"CU": "Cuba",
		"CV": "Kap Verde",
		"CW": "Curaçao",
		"CX": "Juleøen",
		"CY": "Cypern",
		"CZ": "Tjekkiet",
		"CZ-alt-variant": "Den Tjekkiske Republik",
		"DE": "Tyskland",
		"DG": "Diego Garcia",
		"DJ": "Djibouti",
		"DK": "Danmark",
		"DM": "Dominica",
		"DO": "Den Dominikanske Republik",
		"DZ": "Algeriet",
		"EA": "Ceuta og Melilla",
		"EC": "Ecuador",
		"EE": "Estland",
		"EG": "Egypten",
		"EH": "Vestsahara",
		"ER": "Eritrea",
		"ES": "Spanien",
		"ET": "Etiopien",
		"EU": "Den Europæiske Union",
		"EZ": "eurozonen",
		"FI": "Finland",
		"FJ": "Fiji",
		"FK": "Falklandsøerne",
		"FK-alt-variant": "Falklandsøerne (Islas Malvinas)",
		"FM": "Mikronesien",
		"FO": "Færøerne",
		"FR": "Frankrig",
		"GA": "Gabon",
		"GB": "Storbritannien",
		"GB-alt-short": "UK",
		"GD": "Grenada",
		"GE": "Georgien",
		"GF": "Fransk Guyana",
		"GG": "Guernsey",
		"GH": "Ghana",
		"GI": "Gibraltar",
		"GL": "Grønland",
		"GM": "Gambia",
		"GN": "Guinea",
		"GP": "Guadeloupe",
		"GQ": "Ækvatorialguinea",
		"GR": "Grækenland",
		"GS": "South Georgia og De Sydlige Sandwichøer",
		"GT": "Guatemala",
		"GU": "Guam",
		"GW": "Guinea-Bissau",
		"GY": "Guyana",
		"HK": "SAR Hongkong",
		"HK-alt-short": "Hongkong",
		"HM": "Heard Island og McDonald Islands",
		"HN": "Honduras",
		"HR": "Kroatien",
		"HT": "Haiti",
		"HU": "Ungarn",
		"IC": "Kanariske øer",
		"ID": "Indonesien",
		"IE": "Irland",
		"IL": "Israel",
		"IM": "Isle of Man",
		"IN": "Indien",
		"IO": "Det britiske territorium i Det Indiske Ocean",
		"IQ": "Irak",
		"IR": "Iran",
		"IS": "Island",
		"IT": "Italien",
		"JE": "Jersey",
		"JM": "Jamaica",
		"JO": "Jordan",
		"JP": "Japan",
		"KE": "Kenya",
		"KG": "Kirgisistan",
		"KH": "Cambodja",
		"KI": "Kiribati",
		"KM": "Comorerne",
		"KN": "Saint Kitts og Nevis",
		"KP": "Nordkorea",
		"KR": "Sydkorea",
		"KW": "Kuwait",
		"KY": "Caymanøerne",
		"KZ": "Kasakhstan",
		"LA": "Laos",
		"LB": "Libanon",
		"LC": "Saint Lucia",
		"LI": "Liechtenstein",
		"LK": "Sri Lanka",
		"LR": "Liberia",
		"LS": "Lesotho",
		"LT": "Litauen",
		"LU": "Luxembourg",
		"LV": "Letland",
		"LY": "Libyen",
		"MA": "Marokko",
		"MC": "Monaco",
		"MD": "Moldova",
		"ME": "Montenegro",
		"MF": "Saint Martin",
		"MG": "Madagaskar",
		"MH": "Marshalløerne",
		"MK": "Makedonien",
		"MK-alt-variant": "Den tidligere jugoslaviske republik Makedonien",
		"ML": "Mali",
		"MM": "Myanmar (Burma)",
		"MN": "Mongoliet",
		"MO": "SAR Macao",
		"MO-alt-short": "Macao",
		"MP": "Nordmarianerne",
		"MQ": "Martinique",
		"MR": "Mauretanien",
		"MS": "Montserrat",
		"MT": "Malta",
		"MU": "Mauritius",
		"MV": "Maldiverne",
		"MW": "Malawi",
		"MX": "Mexico",
		"MY": "Malaysia",
		"MZ": "Mozambique",
		"NA": "Namibia",
		"NC": "Ny Kaledonien",
		"NE": "Niger",
		"NF": "Norfolk Island",
		"NG": "Nigeria",
		"NI": "Nicaragua",
		"NL": "Holland",
		"NO": "Norge",
		"NP": "Nepal",
		"NR": "Nauru",
		"NU": "Niue",
		"NZ": "New Zealand",
		"OM": "Oman",
		"PA": "Panama",
		"PE": "Peru",
		"PF": "Fransk Polynesien",
		"PG": "Papua Ny Guinea",
		"PH": "Filippinerne",
		"PK": "Pakistan",
		"PL": "Polen",
		"PM": "Saint Pierre og Miquelon",
		"PN": "Pitcairn",
		"PR": "Puerto Rico",
		"PS": "De palæstinensiske områder",
		"PS-alt-short": "Palæstina",
		"PT": "Portugal",
		"PW": "Palau",
		"PY": "Paraguay",
		"QA": "Qatar",
		"QO": "Ydre Oceanien",
		"RE": "Réunion",
		"RO": "Rumænien",
		"RS": "Serbien",
		"RU": "Rusland",
		"RW": "Rwanda",
		"SA": "Saudi-Arabien",
		"SB": "Salomonøerne",
		"SC": "Seychellerne",
		"SD": "Sudan",
		"SE": "Sverige",
		"SG": "Singapore",
		"SH": "St. Helena",
		"SI": "Slovenien",
		"SJ": "Svalbard og Jan Mayen",
		"SK": "Slovakiet",
		"SL": "Sierra Leone",
		"SM": "San Marino",
		"SN": "Senegal",
		"SO": "Somalia",
		"SR": "Surinam",
		"SS": "Sydsudan",
		"ST": "São Tomé og Príncipe",
		"SV": "El Salvador",
		"SX": "Sint Maarten",
		"SY": "Syrien",
		"SZ": "Swaziland",
		"TA": "Tristan da Cunha",
		"TC": "Turks- og Caicosøerne",
		"TD": "Tchad",
		"TF": "De Franske Besiddelser i Det Sydlige Indiske Ocean",
		"TG": "Togo",
		"TH": "Thailand",
		"TJ": "Tadsjikistan",
		"TK": "Tokelau",
		"TL": "Timor-Leste",
		"TL-alt-variant": "Østtimor",
		"TM": "Turkmenistan",
		"TN": "Tunesien",
		"TO": "Tonga",
		"TR": "Tyrkiet",
		"TT": "Trinidad og Tobago",
		"TV": "Tuvalu",
		"TW": "Taiwan",
		"TZ": "Tanzania",
		"UA": "Ukraine",
		"UG": "Uganda",
		"UM": "Amerikanske oversøiske øer",
		"UN": "De Forenede Nationer",
		"UN-alt-short": "FN",
		"US": "USA",
		"US-alt-short": "USA",
		"UY": "Uruguay",
		"UZ": "Usbekistan",
		"VA": "Vatikanstaten",
		"VC": "Saint Vincent og Grenadinerne",
		"VE": "Venezuela",
		"VG": "De Britiske Jomfruøer",
		"VI": "De Amerikanske Jomfruøer",
		"VN": "Vietnam",
		"VU": "Vanuatu",
		"WF": "Wallis og Futuna",
		"WS": "Samoa",
		"XA": "XA",
		"XB": "XB",
		"XK": "Kosovo",
		"YE": "Yemen",
		"YT": "Mayotte",
		"ZA": "Sydafrika",
		"ZM": "Zambia",
		"ZW": "Zimbabwe",
		"ZZ": "Ukendt område"
	},
	"orientation": "left-to-right",
	"ca-gregorian": {
		"dateFormats": {
			"full": "EEEE 'den' d. MMMM y",
			"long": "d. MMMM y",
			"medium": "d. MMM y",
			"short": "dd.MM.y"
		},
		"timeFormats": {
			"full": "HH.mm.ss zzzz",
			"long": "HH.mm.ss z",
			"medium": "HH.mm.ss",
			"short": "HH.mm"
		},
		"dateTimeFormats": {
			"full": "{1} 'kl'. {0}",
			"long": "{1} 'kl'. {0}",
			"medium": "{1} {0}",
			"short": "{1} {0}",
			"availableFormats": {
				"Bh": "h B",
				"Bhm": "h.mm B",
				"Bhms": "h.mm.ss B",
				"d": "d.",
				"E": "ccc",
				"EBhm": "E h.mm B",
				"EBhms": "E h.mm.ss B",
				"Ed": "E 'den' d.",
				"Ehm": "E h.mm a",
				"EHm": "E HH.mm",
				"Ehms": "E h.mm.ss a",
				"EHms": "E HH.mm.ss",
				"Gy": "y G",
				"GyMMM": "MMM y G",
				"GyMMMd": "d. MMM y G",
				"GyMMMEd": "E d. MMM y G",
				"h": "h a",
				"H": "HH",
				"hm": "h.mm a",
				"Hm": "HH.mm",
				"hms": "h.mm.ss a",
				"Hms": "HH.mm.ss",
				"hmsv": "h.mm.ss a v",
				"Hmsv": "HH.mm.ss v",
				"hmv": "h.mm a v",
				"Hmv": "HH.mm v",
				"M": "M",
				"Md": "d.M",
				"MEd": "E d.M",
				"MMdd": "dd.MM",
				"MMM": "MMM",
				"MMMd": "d. MMM",
				"MMMEd": "E d. MMM",
				"MMMMd": "d. MMMM",
				"MMMMEd": "E d. MMMM",
				"ms": "mm.ss",
				"y": "y",
				"yM": "M.y",
				"yMd": "d.M.y",
				"yMEd": "E d.M.y",
				"yMM": "MM.y",
				"yMMM": "MMM y",
				"yMMMd": "d. MMM y",
				"yMMMEd": "E d. MMM y",
				"yMMMM": "MMMM y",
				"yQQQ": "QQQ y",
				"yQQQQ": "QQQQ y",
				"MMMMW": "'uge' W 'i' MMM",
				"yw": "'uge' w 'i' Y"
			},
			"appendItems": {
				"Day": "{0} ({2}: {1})",
				"Day-Of-Week": "{0} {1}",
				"Era": "{1} {0}",
				"Hour": "{0} ({2}: {1})",
				"Minute": "{0} ({2}: {1})",
				"Month": "{0} ({2}: {1})",
				"Quarter": "{0} ({2}: {1})",
				"Second": "{0} ({2}: {1})",
				"Timezone": "{0} {1}",
				"Week": "{0} ({2}: {1})",
				"Year": "{1} {0}"
			},
			"intervalFormats": {
				"intervalFormatFallback": "{0}-{1}",
				"d": {
					"d": "d.–d."
				},
				"Gy": {
					"G": "G y – G y",
					"y": "G y–y"
				},
				"GyM": {
					"G": "GGGGG y-MM – GGGGG y-MM",
					"M": "GGGGG y-MM – y-MM",
					"y": "GGGGG y-MM – y-MM"
				},
				"GyMd": {
					"d": "GGGGG y-MM-dd – y-MM-dd",
					"G": "GGGGG y-MM-dd – GGGGG y-MM-dd",
					"M": "GGGGG y-MM-dd – y-MM-dd",
					"y": "GGGGG y-MM-dd – y-MM-dd"
				},
				"GyMEd": {
					"d": "GGGGG y-MM-dd, E – y-MM-dd, E",
					"G": "GGGGG y-MM-dd, E – GGGGG y-MM-dd, E",
					"M": "GGGGG y-MM-dd, E – y-MM-dd, E",
					"y": "GGGGG y-MM-dd, E – y-MM-dd, E"
				},
				"GyMMM": {
					"G": "G y MMM – G y MMM",
					"M": "G y MMM–MMM",
					"y": "G y MMM – y MMM"
				},
				"GyMMMd": {
					"d": "G y MMM d–d",
					"G": "G y MMM d – G y MMM d",
					"M": "G y MMM d – MMM d",
					"y": "G y MMM d – y MMM d"
				},
				"GyMMMEd": {
					"d": "G y MMM d, E – MMM d, E",
					"G": "G y MMM d, E – G y MMM d, E",
					"M": "G y MMM d, E – MMM d, E",
					"y": "G y MMM d, E – y MMM d, E"
				},
				"h": {
					"a": "h a–h a",
					"h": "h–h a"
				},
				"H": {
					"H": "HH–HH"
				},
				"hm": {
					"a": "h.mm a–h.mm a",
					"h": "h.mm–h.mm a",
					"m": "h.mm–h.mm a"
				},
				"Hm": {
					"H": "HH.mm–HH.mm",
					"m": "HH.mm–HH.mm"
				},
				"hmv": {
					"a": "h.mm a–h.mm a v",
					"h": "h.mm–h.mm a v",
					"m": "h.mm–h.mm a v"
				},
				"Hmv": {
					"H": "HH.mm–HH.mm v",
					"m": "HH.mm–HH.mm v"
				},
				"hv": {
					"a": "h a–h a v",
					"h": "h–h a v"
				},
				"Hv": {
					"H": "HH–HH v"
				},
				"M": {
					"M": "M–M"
				},
				"Md": {
					"d": "dd.MM–dd.MM",
					"M": "dd.MM–dd.MM"
				},
				"MEd": {
					"d": "E dd.MM–E dd.MM",
					"M": "E dd.MM–E dd.MM"
				},
				"MMM": {
					"M": "MMM–MMM"
				},
				"MMMd": {
					"d": "d.–d. MMM",
					"M": "d. MMM–d. MMM"
				},
				"MMMEd": {
					"d": "E d.–E d. MMM",
					"M": "E d. MMM–E d. MMM"
				},
				"y": {
					"y": "y–y"
				},
				"yM": {
					"M": "MM.y–MM.y",
					"y": "MM.y–MM.y"
				},
				"yMd": {
					"d": "dd.MM.y–dd.MM.y",
					"M": "dd.MM.y–dd.MM.y",
					"y": "dd.MM.y–dd.MM.y"
				},
				"yMEd": {
					"d": "E dd.MM.y–E dd.MM.y",
					"M": "E dd.MM.y–E dd.MM.y",
					"y": "E dd.MM.y–E dd.MM.y"
				},
				"yMMM": {
					"M": "MMM–MMM y",
					"y": "MMM y–MMM y"
				},
				"yMMMd": {
					"d": "d.–d. MMM y",
					"M": "d. MMM–d. MMM y",
					"y": "d. MMM y–d. MMM y"
				},
				"yMMMEd": {
					"d": "E d.–E d. MMM y",
					"M": "E d. MMM–E d. MMM y",
					"y": "E d. MMM y–E d. MMM y"
				},
				"yMMMM": {
					"M": "MMMM–MMMM y",
					"y": "MMMM y–MMMM y"
				}
			}
		},
		"months": {
			"format": {
				"abbreviated": [
					"jan.",
					"feb.",
					"mar.",
					"apr.",
					"maj",
					"jun.",
					"jul.",
					"aug.",
					"sep.",
					"okt.",
					"nov.",
					"dec."
				],
				"narrow": [
					"J",
					"F",
					"M",
					"A",
					"M",
					"J",
					"J",
					"A",
					"S",
					"O",
					"N",
					"D"
				],
				"wide": [
					"januar",
					"februar",
					"marts",
					"april",
					"maj",
					"juni",
					"juli",
					"august",
					"september",
					"oktober",
					"november",
					"december"
				]
			},
			"stand-alone": {
				"abbreviated": [
					"jan.",
					"feb.",
					"mar.",
					"apr.",
					"maj",
					"jun.",
					"jul.",
					"aug.",
					"sep.",
					"okt.",
					"nov.",
					"dec."
				],
				"narrow": [
					"J",
					"F",
					"M",
					"A",
					"M",
					"J",
					"J",
					"A",
					"S",
					"O",
					"N",
					"D"
				],
				"wide": [
					"januar",
					"februar",
					"marts",
					"april",
					"maj",
					"juni",
					"juli",
					"august",
					"september",
					"oktober",
					"november",
					"december"
				]
			}
		},
		"days": {
			"format": {
				"abbreviated": [
					"søn.",
					"man.",
					"tir.",
					"ons.",
					"tor.",
					"fre.",
					"lør."
				],
				"narrow": [
					"S",
					"M",
					"T",
					"O",
					"T",
					"F",
					"L"
				],
				"short": [
					"sø",
					"ma",
					"ti",
					"on",
					"to",
					"fr",
					"lø"
				],
				"wide": [
					"søndag",
					"mandag",
					"tirsdag",
					"onsdag",
					"torsdag",
					"fredag",
					"lørdag"
				]
			},
			"stand-alone": {
				"abbreviated": [
					"søn",
					"man",
					"tir",
					"ons",
					"tor",
					"fre",
					"lør"
				],
				"narrow": [
					"S",
					"M",
					"T",
					"O",
					"T",
					"F",
					"L"
				],
				"short": [
					"sø",
					"ma",
					"ti",
					"on",
					"to",
					"fr",
					"lø"
				],
				"wide": [
					"søndag",
					"mandag",
					"tirsdag",
					"onsdag",
					"torsdag",
					"fredag",
					"lørdag"
				]
			}
		},
		"quarters": {
			"format": {
				"abbreviated": [
					"1. kvt.",
					"2. kvt.",
					"3. kvt.",
					"4. kvt."
				],
				"narrow": [
					"1",
					"2",
					"3",
					"4"
				],
				"wide": [
					"1. kvartal",
					"2. kvartal",
					"3. kvartal",
					"4. kvartal"
				]
			},
			"stand-alone": {
				"abbreviated": [
					"1. kvt.",
					"2. kvt.",
					"3. kvt.",
					"4. kvt."
				],
				"narrow": [
					"1",
					"2",
					"3",
					"4"
				],
				"wide": [
					"1. kvartal",
					"2. kvartal",
					"3. kvartal",
					"4. kvartal"
				]
			}
		},
		"dayPeriods": {
			"format": {
				"abbreviated": [
					"AM",
					"PM"
				],
				"narrow": [
					"a",
					"p"
				],
				"wide": [
					"AM",
					"PM"
				]
			},
			"stand-alone": {
				"abbreviated": [
					"AM",
					"PM"
				],
				"narrow": [
					"AM",
					"PM"
				],
				"wide": [
					"AM",
					"PM"
				]
			}
		},
		"era-wide": {
			"0": "f.Kr.",
			"1": "e.Kr."
		},
		"era-abbreviated": {
			"0": "f.Kr.",
			"1": "e.Kr."
		},
		"era-narrow": {
			"0": "fKr",
			"1": "eKr"
		}
	},
	"ca-islamic": {
		"dateFormats": {
			"full": "EEEE d. MMMM y G",
			"long": "d. MMMM y G",
			"medium": "d. MMM y G",
			"short": "d/M/y"
		},
		"timeFormats": {
			"full": "HH.mm.ss zzzz",
			"long": "HH.mm.ss z",
			"medium": "HH.mm.ss",
			"short": "HH.mm"
		},
		"dateTimeFormats": {
			"full": "{1} {0}",
			"long": "{1} {0}",
			"medium": "{1} {0}",
			"short": "{1} {0}",
			"availableFormats": {
				"Bh": "h B",
				"Bhm": "h.mm B",
				"Bhms": "h.mm.ss B",
				"d": "d.",
				"E": "ccc",
				"EBhm": "E h.mm B",
				"EBhms": "E h.mm.ss B",
				"Ed": "E 'd'. d.",
				"Ehm": "E h.mm a",
				"EHm": "E HH.mm",
				"Ehms": "E h.mm.ss a",
				"EHms": "E HH.mm.ss",
				"Gy": "y G",
				"GyMMM": "MMM y G",
				"GyMMMd": "d. MMM y G",
				"GyMMMEd": "E d. MMM y G",
				"h": "h a",
				"H": "HH",
				"hm": "h.mm a",
				"Hm": "HH.mm",
				"hms": "h.mm.ss a",
				"Hms": "HH.mm.ss",
				"M": "M",
				"Md": "d/M",
				"MEd": "E d/M",
				"MMM": "MMM",
				"MMMd": "d. MMM",
				"MMMEd": "E d. MMM",
				"MMMMd": "d. MMMM",
				"MMMMEd": "E d. MMMM",
				"ms": "mm.ss",
				"y": "y G",
				"yyyy": "y G",
				"yyyyM": "M/y G",
				"yyyyMd": "d/M/y G",
				"yyyyMEd": "E d/M/y G",
				"yyyyMMM": "MMM y G",
				"yyyyMMMd": "d. MMM y G",
				"yyyyMMMEd": "E d. MMM y G",
				"yyyyMMMM": "MMMM y G",
				"yyyyQQQ": "QQQ y G",
				"yyyyQQQQ": "QQQQ y G"
			},
			"appendItems": {
				"Day": "{0} ({2}: {1})",
				"Day-Of-Week": "{0} {1}",
				"Era": "{1} {0}",
				"Hour": "{0} ({2}: {1})",
				"Minute": "{0} ({2}: {1})",
				"Month": "{0} ({2}: {1})",
				"Quarter": "{0} ({2}: {1})",
				"Second": "{0} ({2}: {1})",
				"Timezone": "{0} {1}",
				"Week": "{0} ({2}: {1})",
				"Year": "{1} {0}"
			},
			"intervalFormats": {
				"intervalFormatFallback": "{0}-{1}",
				"d": {
					"d": "d.–d."
				},
				"Gy": {
					"G": "G y – G y",
					"y": "G y–y"
				},
				"GyM": {
					"G": "GGGGG y-MM – GGGGG y-MM",
					"M": "GGGGG y-MM – y-MM",
					"y": "GGGGG y-MM – y-MM"
				},
				"GyMd": {
					"d": "GGGGG y-MM-dd – y-MM-dd",
					"G": "GGGGG y-MM-dd – GGGGG y-MM-dd",
					"M": "GGGGG y-MM-dd – y-MM-dd",
					"y": "GGGGG y-MM-dd – y-MM-dd"
				},
				"GyMEd": {
					"d": "GGGGG y-MM-dd, E – y-MM-dd, E",
					"G": "GGGGG y-MM-dd, E – GGGGG y-MM-dd, E",
					"M": "GGGGG y-MM-dd, E – y-MM-dd, E",
					"y": "GGGGG y-MM-dd, E – y-MM-dd, E"
				},
				"GyMMM": {
					"G": "G y MMM – G y MMM",
					"M": "G y MMM–MMM",
					"y": "G y MMM – y MMM"
				},
				"GyMMMd": {
					"d": "G y MMM d–d",
					"G": "G y MMM d – G y MMM d",
					"M": "G y MMM d – MMM d",
					"y": "G y MMM d – y MMM d"
				},
				"GyMMMEd": {
					"d": "G y MMM d, E – MMM d, E",
					"G": "G y MMM d, E – G y MMM d, E",
					"M": "G y MMM d, E – MMM d, E",
					"y": "G y MMM d, E – y MMM d, E"
				},
				"h": {
					"a": "h a – h a",
					"h": "h–h a"
				},
				"H": {
					"H": "HH–HH"
				},
				"hm": {
					"a": "h.mm a – h.mm a",
					"h": "h.mm–h.mm a",
					"m": "h.mm–h.mm a"
				},
				"Hm": {
					"H": "HH.mm–HH.mm",
					"m": "HH.mm–HH.mm"
				},
				"hmv": {
					"a": "h.mm a – h.mm a v",
					"h": "h.mm–h.mm a v",
					"m": "h.mm–h.mm a v"
				},
				"Hmv": {
					"H": "HH.mm–HH.mm v",
					"m": "HH.mm–HH.mm v"
				},
				"hv": {
					"a": "h a – h a v",
					"h": "h–h a v"
				},
				"Hv": {
					"H": "HH–HH v"
				},
				"M": {
					"M": "M–M"
				},
				"Md": {
					"d": "dd/MM–dd/MM",
					"M": "dd/MM–dd/MM"
				},
				"MEd": {
					"d": "E dd/MM–E dd/MM",
					"M": "E dd/MM–E dd/MM"
				},
				"MMM": {
					"M": "MMM–MMM"
				},
				"MMMd": {
					"d": "d.–d. MMM",
					"M": "d. MMM–d. MMM"
				},
				"MMMEd": {
					"d": "E 'den' d.–E 'den' d. MMM",
					"M": "E 'den' d. MMM–E 'den' d. MMM"
				},
				"y": {
					"y": "y–y G"
				},
				"yM": {
					"M": "MM/y–MM/y G",
					"y": "MM/y–MM/y G"
				},
				"yMd": {
					"d": "dd/MM/y–dd/MM/y G",
					"M": "dd/MM/y–dd/MM/y G",
					"y": "dd/MM/y–dd/MM/y G"
				},
				"yMEd": {
					"d": "E dd/MM/y–E dd/MM/y G",
					"M": "E dd/MM/y–E dd/MM/y G",
					"y": "E dd/MM/y–E dd/MM/y G"
				},
				"yMMM": {
					"M": "MMM–MMM y G",
					"y": "MMM y–MMM y G"
				},
				"yMMMd": {
					"d": "d.–d. MMM y G",
					"M": "d. MMM–d. MMM y G",
					"y": "d. MMM y–d. MMM y G"
				},
				"yMMMEd": {
					"d": "E 'den' d.–E 'den' d. MMM y G",
					"M": "E 'den' d. MMM–E 'den' d. MMM y G",
					"y": "E 'den' d. MMM y–E 'den' d. MMM y G"
				},
				"yMMMM": {
					"M": "MMMM–MMMM y G",
					"y": "MMMM y–MMMM y G"
				}
			}
		},
		"months": {
			"format": {
				"abbreviated": [
					"Muh.",
					"Saf.",
					"Rab. I",
					"Rab. II",
					"Jum. I",
					"Jum. II",
					"Raj.",
					"Sha.",
					"Ram.",
					"Shaw.",
					"Dhuʻl-Q.",
					"Dhuʻl-H."
				],
				"narrow": [
					"1",
					"2",
					"3",
					"4",
					"5",
					"6",
					"7",
					"8",
					"9",
					"10",
					"11",
					"12"
				],
				"wide": [
					"muharram",
					"safar",
					"rabiʻ I",
					"rabiʻ II",
					"jumada I",
					"jumada II",
					"rajab",
					"shaʻban",
					"ramadan",
					"shawwal",
					"dhuʻl-Qiʻdah",
					"dhuʻl-Hijjah"
				]
			},
			"stand-alone": {
				"abbreviated": [
					"Muh.",
					"Saf.",
					"Rab. I",
					"Rab. II",
					"Jum. I",
					"Jum. II",
					"Raj.",
					"Sha.",
					"Ram.",
					"Shaw.",
					"Dhuʻl-Q.",
					"Dhuʻl-H."
				],
				"narrow": [
					"1",
					"2",
					"3",
					"4",
					"5",
					"6",
					"7",
					"8",
					"9",
					"10",
					"11",
					"12"
				],
				"wide": [
					"muharram",
					"safar",
					"rabiʻ I",
					"rabiʻ II",
					"jumada I",
					"jumada II",
					"rajab",
					"shaʻban",
					"ramadan",
					"shawwal",
					"dhuʻl-Qiʻdah",
					"dhuʻl-Hijjah"
				]
			}
		},
		"days": {
			"format": {
				"abbreviated": [
					"søn.",
					"man.",
					"tir.",
					"ons.",
					"tor.",
					"fre.",
					"lør."
				],
				"narrow": [
					"S",
					"M",
					"T",
					"O",
					"T",
					"F",
					"L"
				],
				"short": [
					"sø",
					"ma",
					"ti",
					"on",
					"to",
					"fr",
					"lø"
				],
				"wide": [
					"søndag",
					"mandag",
					"tirsdag",
					"onsdag",
					"torsdag",
					"fredag",
					"lørdag"
				]
			},
			"stand-alone": {
				"abbreviated": [
					"søn",
					"man",
					"tir",
					"ons",
					"tor",
					"fre",
					"lør"
				],
				"narrow": [
					"S",
					"M",
					"T",
					"O",
					"T",
					"F",
					"L"
				],
				"short": [
					"sø",
					"ma",
					"ti",
					"on",
					"to",
					"fr",
					"lø"
				],
				"wide": [
					"søndag",
					"mandag",
					"tirsdag",
					"onsdag",
					"torsdag",
					"fredag",
					"lørdag"
				]
			}
		},
		"quarters": {
			"format": {
				"abbreviated": [
					"1. kvt.",
					"2. kvt.",
					"3. kvt.",
					"4. kvt."
				],
				"narrow": [
					"1",
					"2",
					"3",
					"4"
				],
				"wide": [
					"1. kvartal",
					"2. kvartal",
					"3. kvartal",
					"4. kvartal"
				]
			},
			"stand-alone": {
				"abbreviated": [
					"1. kvt.",
					"2. kvt.",
					"3. kvt.",
					"4. kvt."
				],
				"narrow": [
					"1",
					"2",
					"3",
					"4"
				],
				"wide": [
					"1. kvartal",
					"2. kvartal",
					"3. kvartal",
					"4. kvartal"
				]
			}
		},
		"dayPeriods": {
			"format": {
				"abbreviated": [
					"AM",
					"PM"
				],
				"narrow": [
					"a",
					"p"
				],
				"wide": [
					"AM",
					"PM"
				]
			},
			"stand-alone": {
				"abbreviated": [
					"AM",
					"PM"
				],
				"narrow": [
					"AM",
					"PM"
				],
				"wide": [
					"AM",
					"PM"
				]
			}
		},
		"era-wide": {
			"0": "AH"
		},
		"era-abbreviated": {
			"0": "AH"
		},
		"era-narrow": {
			"0": "AH"
		}
	},
	"ca-japanese": {
		"dateFormats": {
			"full": "EEEE d. MMMM y G",
			"long": "d. MMMM y G",
			"medium": "d. MMM y G",
			"short": "d/M/y"
		},
		"timeFormats": {
			"full": "HH.mm.ss zzzz",
			"long": "HH.mm.ss z",
			"medium": "HH.mm.ss",
			"short": "HH.mm"
		},
		"dateTimeFormats": {
			"full": "{1} {0}",
			"long": "{1} {0}",
			"medium": "{1} {0}",
			"short": "{1} {0}",
			"availableFormats": {
				"Bh": "h B",
				"Bhm": "h.mm B",
				"Bhms": "h.mm.ss B",
				"d": "d.",
				"E": "ccc",
				"EBhm": "E h.mm B",
				"EBhms": "E h.mm.ss B",
				"Ed": "E 'd'. d.",
				"Ehm": "E h.mm a",
				"EHm": "E HH.mm",
				"Ehms": "E h.mm.ss a",
				"EHms": "E HH.mm.ss",
				"Gy": "y G",
				"GyMMM": "MMM y G",
				"GyMMMd": "d. MMM y G",
				"GyMMMEd": "E d. MMM y G",
				"h": "h a",
				"H": "HH",
				"hm": "h.mm a",
				"Hm": "HH.mm",
				"hms": "h.mm.ss a",
				"Hms": "HH.mm.ss",
				"M": "M",
				"Md": "d/M",
				"MEd": "E d/M",
				"MMM": "MMM",
				"MMMd": "d. MMM",
				"MMMEd": "E d. MMM",
				"MMMMd": "d. MMMM",
				"MMMMEd": "E d. MMMM",
				"ms": "mm.ss",
				"y": "y G",
				"yyyy": "y G",
				"yyyyM": "M/y G",
				"yyyyMd": "d/M/y G",
				"yyyyMEd": "E d/M/y G",
				"yyyyMMM": "MMM y G",
				"yyyyMMMd": "d. MMM y G",
				"yyyyMMMEd": "E d. MMM y G",
				"yyyyMMMM": "MMMM y G",
				"yyyyQQQ": "QQQ y G",
				"yyyyQQQQ": "QQQQ y G"
			},
			"appendItems": {
				"Day": "{0} ({2}: {1})",
				"Day-Of-Week": "{0} {1}",
				"Era": "{1} {0}",
				"Hour": "{0} ({2}: {1})",
				"Minute": "{0} ({2}: {1})",
				"Month": "{0} ({2}: {1})",
				"Quarter": "{0} ({2}: {1})",
				"Second": "{0} ({2}: {1})",
				"Timezone": "{0} {1}",
				"Week": "{0} ({2}: {1})",
				"Year": "{1} {0}"
			},
			"intervalFormats": {
				"intervalFormatFallback": "{0}-{1}",
				"d": {
					"d": "d.–d."
				},
				"Gy": {
					"G": "G y – G y",
					"y": "G y–y"
				},
				"GyM": {
					"G": "GGGGG y-MM – GGGGG y-MM",
					"M": "GGGGG y-MM – y-MM",
					"y": "GGGGG y-MM – y-MM"
				},
				"GyMd": {
					"d": "GGGGG y-MM-dd – y-MM-dd",
					"G": "GGGGG y-MM-dd – GGGGG y-MM-dd",
					"M": "GGGGG y-MM-dd – y-MM-dd",
					"y": "GGGGG y-MM-dd – y-MM-dd"
				},
				"GyMEd": {
					"d": "GGGGG y-MM-dd, E – y-MM-dd, E",
					"G": "GGGGG y-MM-dd, E – GGGGG y-MM-dd, E",
					"M": "GGGGG y-MM-dd, E – y-MM-dd, E",
					"y": "GGGGG y-MM-dd, E – y-MM-dd, E"
				},
				"GyMMM": {
					"G": "G y MMM – G y MMM",
					"M": "G y MMM–MMM",
					"y": "G y MMM – y MMM"
				},
				"GyMMMd": {
					"d": "G y MMM d–d",
					"G": "G y MMM d – G y MMM d",
					"M": "G y MMM d – MMM d",
					"y": "G y MMM d – y MMM d"
				},
				"GyMMMEd": {
					"d": "G y MMM d, E – MMM d, E",
					"G": "G y MMM d, E – G y MMM d, E",
					"M": "G y MMM d, E – MMM d, E",
					"y": "G y MMM d, E – y MMM d, E"
				},
				"h": {
					"a": "h a – h a",
					"h": "h–h a"
				},
				"H": {
					"H": "HH–HH"
				},
				"hm": {
					"a": "h.mm a – h.mm a",
					"h": "h.mm–h.mm a",
					"m": "h.mm–h.mm a"
				},
				"Hm": {
					"H": "HH.mm–HH.mm",
					"m": "HH.mm–HH.mm"
				},
				"hmv": {
					"a": "h.mm a – h.mm a v",
					"h": "h.mm–h.mm a v",
					"m": "h.mm–h.mm a v"
				},
				"Hmv": {
					"H": "HH.mm–HH.mm v",
					"m": "HH.mm–HH.mm v"
				},
				"hv": {
					"a": "h a – h a v",
					"h": "h–h a v"
				},
				"Hv": {
					"H": "HH–HH v"
				},
				"M": {
					"M": "M–M"
				},
				"Md": {
					"d": "dd/MM–dd/MM",
					"M": "dd/MM–dd/MM"
				},
				"MEd": {
					"d": "E dd/MM–E dd/MM",
					"M": "E dd/MM–E dd/MM"
				},
				"MMM": {
					"M": "MMM–MMM"
				},
				"MMMd": {
					"d": "d.–d. MMM",
					"M": "d. MMM–d. MMM"
				},
				"MMMEd": {
					"d": "E 'den' d.–E 'den' d. MMM",
					"M": "E 'den' d. MMM–E 'den' d. MMM"
				},
				"y": {
					"y": "y–y G"
				},
				"yM": {
					"M": "MM/y–MM/y G",
					"y": "MM/y–MM/y G"
				},
				"yMd": {
					"d": "dd/MM/y–dd/MM/y G",
					"M": "dd/MM/y–dd/MM/y G",
					"y": "dd/MM/y–dd/MM/y G"
				},
				"yMEd": {
					"d": "E dd/MM/y–E dd/MM/y G",
					"M": "E dd/MM/y–E dd/MM/y G",
					"y": "E dd/MM/y–E dd/MM/y G"
				},
				"yMMM": {
					"M": "MMM–MMM y G",
					"y": "MMM y–MMM y G"
				},
				"yMMMd": {
					"d": "d.–d. MMM y G",
					"M": "d. MMM–d. MMM y G",
					"y": "d. MMM y–d. MMM y G"
				},
				"yMMMEd": {
					"d": "E 'den' d.–E 'den' d. MMM y G",
					"M": "E 'den' d. MMM–E 'den' d. MMM y G",
					"y": "E 'den' d. MMM y–E 'den' d. MMM y G"
				},
				"yMMMM": {
					"M": "MMMM–MMMM y G",
					"y": "MMMM y–MMMM y G"
				}
			}
		},
		"months": {
			"format": {
				"abbreviated": [
					"jan.",
					"feb.",
					"mar.",
					"apr.",
					"maj",
					"jun.",
					"jul.",
					"aug.",
					"sep.",
					"okt.",
					"nov.",
					"dec."
				],
				"narrow": [
					"J",
					"F",
					"M",
					"A",
					"M",
					"J",
					"J",
					"A",
					"S",
					"O",
					"N",
					"D"
				],
				"wide": [
					"januar",
					"februar",
					"marts",
					"april",
					"maj",
					"juni",
					"juli",
					"august",
					"september",
					"oktober",
					"november",
					"december"
				]
			},
			"stand-alone": {
				"abbreviated": [
					"jan.",
					"feb.",
					"mar.",
					"apr.",
					"maj",
					"jun.",
					"jul.",
					"aug.",
					"sep.",
					"okt.",
					"nov.",
					"dec."
				],
				"narrow": [
					"J",
					"F",
					"M",
					"A",
					"M",
					"J",
					"J",
					"A",
					"S",
					"O",
					"N",
					"D"
				],
				"wide": [
					"januar",
					"februar",
					"marts",
					"april",
					"maj",
					"juni",
					"juli",
					"august",
					"september",
					"oktober",
					"november",
					"december"
				]
			}
		},
		"days": {
			"format": {
				"abbreviated": [
					"søn.",
					"man.",
					"tir.",
					"ons.",
					"tor.",
					"fre.",
					"lør."
				],
				"narrow": [
					"S",
					"M",
					"T",
					"O",
					"T",
					"F",
					"L"
				],
				"short": [
					"sø",
					"ma",
					"ti",
					"on",
					"to",
					"fr",
					"lø"
				],
				"wide": [
					"søndag",
					"mandag",
					"tirsdag",
					"onsdag",
					"torsdag",
					"fredag",
					"lørdag"
				]
			},
			"stand-alone": {
				"abbreviated": [
					"søn",
					"man",
					"tir",
					"ons",
					"tor",
					"fre",
					"lør"
				],
				"narrow": [
					"S",
					"M",
					"T",
					"O",
					"T",
					"F",
					"L"
				],
				"short": [
					"sø",
					"ma",
					"ti",
					"on",
					"to",
					"fr",
					"lø"
				],
				"wide": [
					"søndag",
					"mandag",
					"tirsdag",
					"onsdag",
					"torsdag",
					"fredag",
					"lørdag"
				]
			}
		},
		"quarters": {
			"format": {
				"abbreviated": [
					"1. kvt.",
					"2. kvt.",
					"3. kvt.",
					"4. kvt."
				],
				"narrow": [
					"1",
					"2",
					"3",
					"4"
				],
				"wide": [
					"1. kvartal",
					"2. kvartal",
					"3. kvartal",
					"4. kvartal"
				]
			},
			"stand-alone": {
				"abbreviated": [
					"1. kvt.",
					"2. kvt.",
					"3. kvt.",
					"4. kvt."
				],
				"narrow": [
					"1",
					"2",
					"3",
					"4"
				],
				"wide": [
					"1. kvartal",
					"2. kvartal",
					"3. kvartal",
					"4. kvartal"
				]
			}
		},
		"dayPeriods": {
			"format": {
				"abbreviated": [
					"AM",
					"PM"
				],
				"narrow": [
					"a",
					"p"
				],
				"wide": [
					"AM",
					"PM"
				]
			},
			"stand-alone": {
				"abbreviated": [
					"AM",
					"PM"
				],
				"narrow": [
					"AM",
					"PM"
				],
				"wide": [
					"AM",
					"PM"
				]
			}
		},
		"era-wide": {
			"232": "Meiji",
			"233": "Taishō",
			"234": "Shōwa",
			"235": "Heisei",
			"236": "Reiwa"
		},
		"era-abbreviated": {
			"232": "Meiji",
			"233": "Taishō",
			"234": "Shōwa",
			"235": "Heisei",
			"236": "Reiwa"
		},
		"era-narrow": {
			"232": "M",
			"233": "T",
			"234": "S",
			"235": "H",
			"236": "R"
		}
	},
	"ca-persian": {
		"dateFormats": {
			"full": "EEEE d. MMMM y G",
			"long": "d. MMMM y G",
			"medium": "d. MMM y G",
			"short": "d/M/y"
		},
		"timeFormats": {
			"full": "HH.mm.ss zzzz",
			"long": "HH.mm.ss z",
			"medium": "HH.mm.ss",
			"short": "HH.mm"
		},
		"dateTimeFormats": {
			"full": "{1} {0}",
			"long": "{1} {0}",
			"medium": "{1} {0}",
			"short": "{1} {0}",
			"availableFormats": {
				"Bh": "h B",
				"Bhm": "h.mm B",
				"Bhms": "h.mm.ss B",
				"d": "d.",
				"E": "ccc",
				"EBhm": "E h.mm B",
				"EBhms": "E h.mm.ss B",
				"Ed": "E 'd'. d.",
				"Ehm": "E h.mm a",
				"EHm": "E HH.mm",
				"Ehms": "E h.mm.ss a",
				"EHms": "E HH.mm.ss",
				"Gy": "y G",
				"GyMMM": "MMM y G",
				"GyMMMd": "d. MMM y G",
				"GyMMMEd": "E d. MMM y G",
				"h": "h a",
				"H": "HH",
				"hm": "h.mm a",
				"Hm": "HH.mm",
				"hms": "h.mm.ss a",
				"Hms": "HH.mm.ss",
				"M": "M",
				"Md": "d/M",
				"MEd": "E d/M",
				"MMM": "MMM",
				"MMMd": "d. MMM",
				"MMMEd": "E d. MMM",
				"MMMMd": "d. MMMM",
				"MMMMEd": "E d. MMMM",
				"ms": "mm.ss",
				"y": "y G",
				"yyyy": "y G",
				"yyyyM": "M/y G",
				"yyyyMd": "d/M/y G",
				"yyyyMEd": "E d/M/y G",
				"yyyyMMM": "MMM y G",
				"yyyyMMMd": "d. MMM y G",
				"yyyyMMMEd": "E d. MMM y G",
				"yyyyMMMM": "MMMM y G",
				"yyyyQQQ": "QQQ y G",
				"yyyyQQQQ": "QQQQ y G"
			},
			"appendItems": {
				"Day": "{0} ({2}: {1})",
				"Day-Of-Week": "{0} {1}",
				"Era": "{1} {0}",
				"Hour": "{0} ({2}: {1})",
				"Minute": "{0} ({2}: {1})",
				"Month": "{0} ({2}: {1})",
				"Quarter": "{0} ({2}: {1})",
				"Second": "{0} ({2}: {1})",
				"Timezone": "{0} {1}",
				"Week": "{0} ({2}: {1})",
				"Year": "{1} {0}"
			},
			"intervalFormats": {
				"intervalFormatFallback": "{0}-{1}",
				"d": {
					"d": "d.–d."
				},
				"Gy": {
					"G": "G y – G y",
					"y": "G y–y"
				},
				"GyM": {
					"G": "GGGGG y-MM – GGGGG y-MM",
					"M": "GGGGG y-MM – y-MM",
					"y": "GGGGG y-MM – y-MM"
				},
				"GyMd": {
					"d": "GGGGG y-MM-dd – y-MM-dd",
					"G": "GGGGG y-MM-dd – GGGGG y-MM-dd",
					"M": "GGGGG y-MM-dd – y-MM-dd",
					"y": "GGGGG y-MM-dd – y-MM-dd"
				},
				"GyMEd": {
					"d": "GGGGG y-MM-dd, E – y-MM-dd, E",
					"G": "GGGGG y-MM-dd, E – GGGGG y-MM-dd, E",
					"M": "GGGGG y-MM-dd, E – y-MM-dd, E",
					"y": "GGGGG y-MM-dd, E – y-MM-dd, E"
				},
				"GyMMM": {
					"G": "G y MMM – G y MMM",
					"M": "G y MMM–MMM",
					"y": "G y MMM – y MMM"
				},
				"GyMMMd": {
					"d": "G y MMM d–d",
					"G": "G y MMM d – G y MMM d",
					"M": "G y MMM d – MMM d",
					"y": "G y MMM d – y MMM d"
				},
				"GyMMMEd": {
					"d": "G y MMM d, E – MMM d, E",
					"G": "G y MMM d, E – G y MMM d, E",
					"M": "G y MMM d, E – MMM d, E",
					"y": "G y MMM d, E – y MMM d, E"
				},
				"h": {
					"a": "h a – h a",
					"h": "h–h a"
				},
				"H": {
					"H": "HH–HH"
				},
				"hm": {
					"a": "h.mm a – h.mm a",
					"h": "h.mm–h.mm a",
					"m": "h.mm–h.mm a"
				},
				"Hm": {
					"H": "HH.mm–HH.mm",
					"m": "HH.mm–HH.mm"
				},
				"hmv": {
					"a": "h.mm a – h.mm a v",
					"h": "h.mm–h.mm a v",
					"m": "h.mm–h.mm a v"
				},
				"Hmv": {
					"H": "HH.mm–HH.mm v",
					"m": "HH.mm–HH.mm v"
				},
				"hv": {
					"a": "h a – h a v",
					"h": "h–h a v"
				},
				"Hv": {
					"H": "HH–HH v"
				},
				"M": {
					"M": "M–M"
				},
				"Md": {
					"d": "dd/MM–dd/MM",
					"M": "dd/MM–dd/MM"
				},
				"MEd": {
					"d": "E dd/MM–E dd/MM",
					"M": "E dd/MM–E dd/MM"
				},
				"MMM": {
					"M": "MMM–MMM"
				},
				"MMMd": {
					"d": "d.–d. MMM",
					"M": "d. MMM–d. MMM"
				},
				"MMMEd": {
					"d": "E 'den' d.–E 'den' d. MMM",
					"M": "E 'den' d. MMM–E 'den' d. MMM"
				},
				"y": {
					"y": "y–y G"
				},
				"yM": {
					"M": "MM/y–MM/y G",
					"y": "MM/y–MM/y G"
				},
				"yMd": {
					"d": "dd/MM/y–dd/MM/y G",
					"M": "dd/MM/y–dd/MM/y G",
					"y": "dd/MM/y–dd/MM/y G"
				},
				"yMEd": {
					"d": "E dd/MM/y–E dd/MM/y G",
					"M": "E dd/MM/y–E dd/MM/y G",
					"y": "E dd/MM/y–E dd/MM/y G"
				},
				"yMMM": {
					"M": "MMM–MMM y G",
					"y": "MMM y–MMM y G"
				},
				"yMMMd": {
					"d": "d.–d. MMM y G",
					"M": "d. MMM–d. MMM y G",
					"y": "d. MMM y–d. MMM y G"
				},
				"yMMMEd": {
					"d": "E 'den' d.–E 'den' d. MMM y G",
					"M": "E 'den' d. MMM–E 'den' d. MMM y G",
					"y": "E 'den' d. MMM y–E 'den' d. MMM y G"
				},
				"yMMMM": {
					"M": "MMMM–MMMM y G",
					"y": "MMMM y–MMMM y G"
				}
			}
		},
		"months": {
			"format": {
				"abbreviated": [
					"farvardin",
					"ordibehesht",
					"khordad",
					"tir",
					"mordad",
					"shahrivar",
					"mehr",
					"aban",
					"azar",
					"dey",
					"bahman",
					"esfand"
				],
				"narrow": [
					"1",
					"2",
					"3",
					"4",
					"5",
					"6",
					"7",
					"8",
					"9",
					"10",
					"11",
					"12"
				],
				"wide": [
					"farvardin",
					"ordibehesht",
					"khordad",
					"tir",
					"mordad",
					"shahrivar",
					"mehr",
					"aban",
					"azar",
					"dey",
					"bahman",
					"esfand"
				]
			},
			"stand-alone": {
				"abbreviated": [
					"farvardin",
					"ordibehesht",
					"khordad",
					"tir",
					"mordad",
					"shahrivar",
					"mehr",
					"aban",
					"azar",
					"dey",
					"bahman",
					"esfand"
				],
				"narrow": [
					"1",
					"2",
					"3",
					"4",
					"5",
					"6",
					"7",
					"8",
					"9",
					"10",
					"11",
					"12"
				],
				"wide": [
					"farvardin",
					"ordibehesht",
					"khordad",
					"tir",
					"mordad",
					"shahrivar",
					"mehr",
					"aban",
					"azar",
					"dey",
					"bahman",
					"esfand"
				]
			}
		},
		"days": {
			"format": {
				"abbreviated": [
					"søn.",
					"man.",
					"tir.",
					"ons.",
					"tor.",
					"fre.",
					"lør."
				],
				"narrow": [
					"S",
					"M",
					"T",
					"O",
					"T",
					"F",
					"L"
				],
				"short": [
					"sø",
					"ma",
					"ti",
					"on",
					"to",
					"fr",
					"lø"
				],
				"wide": [
					"søndag",
					"mandag",
					"tirsdag",
					"onsdag",
					"torsdag",
					"fredag",
					"lørdag"
				]
			},
			"stand-alone": {
				"abbreviated": [
					"søn",
					"man",
					"tir",
					"ons",
					"tor",
					"fre",
					"lør"
				],
				"narrow": [
					"S",
					"M",
					"T",
					"O",
					"T",
					"F",
					"L"
				],
				"short": [
					"sø",
					"ma",
					"ti",
					"on",
					"to",
					"fr",
					"lø"
				],
				"wide": [
					"søndag",
					"mandag",
					"tirsdag",
					"onsdag",
					"torsdag",
					"fredag",
					"lørdag"
				]
			}
		},
		"quarters": {
			"format": {
				"abbreviated": [
					"1. kvt.",
					"2. kvt.",
					"3. kvt.",
					"4. kvt."
				],
				"narrow": [
					"1",
					"2",
					"3",
					"4"
				],
				"wide": [
					"1. kvartal",
					"2. kvartal",
					"3. kvartal",
					"4. kvartal"
				]
			},
			"stand-alone": {
				"abbreviated": [
					"1. kvt.",
					"2. kvt.",
					"3. kvt.",
					"4. kvt."
				],
				"narrow": [
					"1",
					"2",
					"3",
					"4"
				],
				"wide": [
					"1. kvartal",
					"2. kvartal",
					"3. kvartal",
					"4. kvartal"
				]
			}
		},
		"dayPeriods": {
			"format": {
				"abbreviated": [
					"AM",
					"PM"
				],
				"narrow": [
					"a",
					"p"
				],
				"wide": [
					"AM",
					"PM"
				]
			},
			"stand-alone": {
				"abbreviated": [
					"AM",
					"PM"
				],
				"narrow": [
					"AM",
					"PM"
				],
				"wide": [
					"AM",
					"PM"
				]
			}
		},
		"era-wide": {
			"0": "AP"
		},
		"era-abbreviated": {
			"0": "AP"
		},
		"era-narrow": {
			"0": "AP"
		}
	},
	"ca-buddhist": {
		"dateFormats": {
			"full": "EEEE d. MMMM y G",
			"long": "d. MMMM y G",
			"medium": "d. MMM y G",
			"short": "d/M/y"
		},
		"timeFormats": {
			"full": "HH.mm.ss zzzz",
			"long": "HH.mm.ss z",
			"medium": "HH.mm.ss",
			"short": "HH.mm"
		},
		"dateTimeFormats": {
			"full": "{1} {0}",
			"long": "{1} {0}",
			"medium": "{1} {0}",
			"short": "{1} {0}",
			"availableFormats": {
				"Bh": "h B",
				"Bhm": "h.mm B",
				"Bhms": "h.mm.ss B",
				"d": "d.",
				"E": "ccc",
				"EBhm": "E h.mm B",
				"EBhms": "E h.mm.ss B",
				"Ed": "E 'd'. d.",
				"Ehm": "E h.mm a",
				"EHm": "E HH.mm",
				"Ehms": "E h.mm.ss a",
				"EHms": "E HH.mm.ss",
				"Gy": "y G",
				"GyMMM": "MMM y G",
				"GyMMMd": "d. MMM y G",
				"GyMMMEd": "E d. MMM y G",
				"h": "h a",
				"H": "HH",
				"hm": "h.mm a",
				"Hm": "HH.mm",
				"hms": "h.mm.ss a",
				"Hms": "HH.mm.ss",
				"M": "M",
				"Md": "d/M",
				"MEd": "E d/M",
				"MMM": "MMM",
				"MMMd": "d. MMM",
				"MMMEd": "E d. MMM",
				"MMMMd": "d. MMMM",
				"MMMMEd": "E d. MMMM",
				"ms": "mm.ss",
				"y": "y G",
				"yyyy": "y G",
				"yyyyM": "M/y G",
				"yyyyMd": "d/M/y G",
				"yyyyMEd": "E d/M/y G",
				"yyyyMMM": "MMM y G",
				"yyyyMMMd": "d. MMM y G",
				"yyyyMMMEd": "E d. MMM y G",
				"yyyyMMMM": "MMMM y G",
				"yyyyQQQ": "QQQ y G",
				"yyyyQQQQ": "QQQQ y G"
			},
			"appendItems": {
				"Day": "{0} ({2}: {1})",
				"Day-Of-Week": "{0} {1}",
				"Era": "{1} {0}",
				"Hour": "{0} ({2}: {1})",
				"Minute": "{0} ({2}: {1})",
				"Month": "{0} ({2}: {1})",
				"Quarter": "{0} ({2}: {1})",
				"Second": "{0} ({2}: {1})",
				"Timezone": "{0} {1}",
				"Week": "{0} ({2}: {1})",
				"Year": "{1} {0}"
			},
			"intervalFormats": {
				"intervalFormatFallback": "{0}-{1}",
				"d": {
					"d": "d.–d."
				},
				"Gy": {
					"G": "G y – G y",
					"y": "G y–y"
				},
				"GyM": {
					"G": "GGGGG y-MM – GGGGG y-MM",
					"M": "GGGGG y-MM – y-MM",
					"y": "GGGGG y-MM – y-MM"
				},
				"GyMd": {
					"d": "GGGGG y-MM-dd – y-MM-dd",
					"G": "GGGGG y-MM-dd – GGGGG y-MM-dd",
					"M": "GGGGG y-MM-dd – y-MM-dd",
					"y": "GGGGG y-MM-dd – y-MM-dd"
				},
				"GyMEd": {
					"d": "GGGGG y-MM-dd, E – y-MM-dd, E",
					"G": "GGGGG y-MM-dd, E – GGGGG y-MM-dd, E",
					"M": "GGGGG y-MM-dd, E – y-MM-dd, E",
					"y": "GGGGG y-MM-dd, E – y-MM-dd, E"
				},
				"GyMMM": {
					"G": "G y MMM – G y MMM",
					"M": "G y MMM–MMM",
					"y": "G y MMM – y MMM"
				},
				"GyMMMd": {
					"d": "G y MMM d–d",
					"G": "G y MMM d – G y MMM d",
					"M": "G y MMM d – MMM d",
					"y": "G y MMM d – y MMM d"
				},
				"GyMMMEd": {
					"d": "G y MMM d, E – MMM d, E",
					"G": "G y MMM d, E – G y MMM d, E",
					"M": "G y MMM d, E – MMM d, E",
					"y": "G y MMM d, E – y MMM d, E"
				},
				"h": {
					"a": "h a – h a",
					"h": "h–h a"
				},
				"H": {
					"H": "HH–HH"
				},
				"hm": {
					"a": "h.mm a – h.mm a",
					"h": "h.mm–h.mm a",
					"m": "h.mm–h.mm a"
				},
				"Hm": {
					"H": "HH.mm–HH.mm",
					"m": "HH.mm–HH.mm"
				},
				"hmv": {
					"a": "h.mm a – h.mm a v",
					"h": "h.mm–h.mm a v",
					"m": "h.mm–h.mm a v"
				},
				"Hmv": {
					"H": "HH.mm–HH.mm v",
					"m": "HH.mm–HH.mm v"
				},
				"hv": {
					"a": "h a – h a v",
					"h": "h–h a v"
				},
				"Hv": {
					"H": "HH–HH v"
				},
				"M": {
					"M": "M–M"
				},
				"Md": {
					"d": "dd/MM–dd/MM",
					"M": "dd/MM–dd/MM"
				},
				"MEd": {
					"d": "E dd/MM–E dd/MM",
					"M": "E dd/MM–E dd/MM"
				},
				"MMM": {
					"M": "MMM–MMM"
				},
				"MMMd": {
					"d": "d.–d. MMM",
					"M": "d. MMM–d. MMM"
				},
				"MMMEd": {
					"d": "E 'den' d.–E 'den' d. MMM",
					"M": "E 'den' d. MMM–E 'den' d. MMM"
				},
				"y": {
					"y": "y–y G"
				},
				"yM": {
					"M": "MM/y–MM/y G",
					"y": "MM/y–MM/y G"
				},
				"yMd": {
					"d": "dd/MM/y–dd/MM/y G",
					"M": "dd/MM/y–dd/MM/y G",
					"y": "dd/MM/y–dd/MM/y G"
				},
				"yMEd": {
					"d": "E dd/MM/y–E dd/MM/y G",
					"M": "E dd/MM/y–E dd/MM/y G",
					"y": "E dd/MM/y–E dd/MM/y G"
				},
				"yMMM": {
					"M": "MMM–MMM y G",
					"y": "MMM y–MMM y G"
				},
				"yMMMd": {
					"d": "d.–d. MMM y G",
					"M": "d. MMM–d. MMM y G",
					"y": "d. MMM y–d. MMM y G"
				},
				"yMMMEd": {
					"d": "E 'den' d.–E 'den' d. MMM y G",
					"M": "E 'den' d. MMM–E 'den' d. MMM y G",
					"y": "E 'den' d. MMM y–E 'den' d. MMM y G"
				},
				"yMMMM": {
					"M": "MMMM–MMMM y G",
					"y": "MMMM y–MMMM y G"
				}
			}
		},
		"months": {
			"format": {
				"abbreviated": [
					"jan.",
					"feb.",
					"mar.",
					"apr.",
					"maj",
					"jun.",
					"jul.",
					"aug.",
					"sep.",
					"okt.",
					"nov.",
					"dec."
				],
				"narrow": [
					"J",
					"F",
					"M",
					"A",
					"M",
					"J",
					"J",
					"A",
					"S",
					"O",
					"N",
					"D"
				],
				"wide": [
					"januar",
					"februar",
					"marts",
					"april",
					"maj",
					"juni",
					"juli",
					"august",
					"september",
					"oktober",
					"november",
					"december"
				]
			},
			"stand-alone": {
				"abbreviated": [
					"jan.",
					"feb.",
					"mar.",
					"apr.",
					"maj",
					"jun.",
					"jul.",
					"aug.",
					"sep.",
					"okt.",
					"nov.",
					"dec."
				],
				"narrow": [
					"J",
					"F",
					"M",
					"A",
					"M",
					"J",
					"J",
					"A",
					"S",
					"O",
					"N",
					"D"
				],
				"wide": [
					"januar",
					"februar",
					"marts",
					"april",
					"maj",
					"juni",
					"juli",
					"august",
					"september",
					"oktober",
					"november",
					"december"
				]
			}
		},
		"days": {
			"format": {
				"abbreviated": [
					"søn.",
					"man.",
					"tir.",
					"ons.",
					"tor.",
					"fre.",
					"lør."
				],
				"narrow": [
					"S",
					"M",
					"T",
					"O",
					"T",
					"F",
					"L"
				],
				"short": [
					"sø",
					"ma",
					"ti",
					"on",
					"to",
					"fr",
					"lø"
				],
				"wide": [
					"søndag",
					"mandag",
					"tirsdag",
					"onsdag",
					"torsdag",
					"fredag",
					"lørdag"
				]
			},
			"stand-alone": {
				"abbreviated": [
					"søn",
					"man",
					"tir",
					"ons",
					"tor",
					"fre",
					"lør"
				],
				"narrow": [
					"S",
					"M",
					"T",
					"O",
					"T",
					"F",
					"L"
				],
				"short": [
					"sø",
					"ma",
					"ti",
					"on",
					"to",
					"fr",
					"lø"
				],
				"wide": [
					"søndag",
					"mandag",
					"tirsdag",
					"onsdag",
					"torsdag",
					"fredag",
					"lørdag"
				]
			}
		},
		"quarters": {
			"format": {
				"abbreviated": [
					"1. kvt.",
					"2. kvt.",
					"3. kvt.",
					"4. kvt."
				],
				"narrow": [
					"1",
					"2",
					"3",
					"4"
				],
				"wide": [
					"1. kvartal",
					"2. kvartal",
					"3. kvartal",
					"4. kvartal"
				]
			},
			"stand-alone": {
				"abbreviated": [
					"1. kvt.",
					"2. kvt.",
					"3. kvt.",
					"4. kvt."
				],
				"narrow": [
					"1",
					"2",
					"3",
					"4"
				],
				"wide": [
					"1. kvartal",
					"2. kvartal",
					"3. kvartal",
					"4. kvartal"
				]
			}
		},
		"dayPeriods": {
			"format": {
				"abbreviated": [
					"AM",
					"PM"
				],
				"narrow": [
					"a",
					"p"
				],
				"wide": [
					"AM",
					"PM"
				]
			},
			"stand-alone": {
				"abbreviated": [
					"AM",
					"PM"
				],
				"narrow": [
					"AM",
					"PM"
				],
				"wide": [
					"AM",
					"PM"
				]
			}
		},
		"era-wide": {
			"0": "BE"
		},
		"era-abbreviated": {
			"0": "BE"
		},
		"era-narrow": {
			"0": "BE"
		}
	},
	"dateFields": {
		"era": {
			"displayName": "æra"
		},
		"year-wide": {
			"displayName": "år",
			"relative-type--1": "sidste år",
			"relative-type-0": "i år",
			"relative-type-1": "næste år",
			"relativeTime-type-future": {
				"relativeTimePattern-count-one": "om {0} år",
				"relativeTimePattern-count-other": "om {0} år"
			},
			"relativeTime-type-past": {
				"relativeTimePattern-count-one": "for {0} år siden",
				"relativeTimePattern-count-other": "for {0} år siden"
			}
		},
		"year-short": {
			"displayName": "år",
			"relative-type--1": "sidste år",
			"relative-type-0": "i år",
			"relative-type-1": "næste år",
			"relativeTime-type-future": {
				"relativeTimePattern-count-one": "om {0} år",
				"relativeTimePattern-count-other": "om {0} år"
			},
			"relativeTime-type-past": {
				"relativeTimePattern-count-one": "for {0} år siden",
				"relativeTimePattern-count-other": "for {0} år siden"
			}
		},
		"year-narrow": {
			"displayName": "år",
			"relative-type--1": "sidste år",
			"relative-type-0": "i år",
			"relative-type-1": "næste år",
			"relativeTime-type-future": {
				"relativeTimePattern-count-one": "om {0} år",
				"relativeTimePattern-count-other": "om {0} år"
			},
			"relativeTime-type-past": {
				"relativeTimePattern-count-one": "for {0} år siden",
				"relativeTimePattern-count-other": "for {0} år siden"
			}
		},
		"quarter-wide": {
			"displayName": "kvartal",
			"relative-type--1": "sidste kvartal",
			"relative-type-0": "dette kvartal",
			"relative-type-1": "næste kvartal",
			"relativeTime-type-future": {
				"relativeTimePattern-count-one": "om {0} kvartal",
				"relativeTimePattern-count-other": "om {0} kvartaler"
			},
			"relativeTime-type-past": {
				"relativeTimePattern-count-one": "for {0} kvartal siden",
				"relativeTimePattern-count-other": "for {0} kvartaler siden"
			}
		},
		"quarter-short": {
			"displayName": "kvt.",
			"relative-type--1": "sidste kvt.",
			"relative-type-0": "dette kvt.",
			"relative-type-1": "næste kvt.",
			"relativeTime-type-future": {
				"relativeTimePattern-count-one": "om {0} kvt.",
				"relativeTimePattern-count-other": "om {0} kvt."
			},
			"relativeTime-type-past": {
				"relativeTimePattern-count-one": "for {0} kvt. siden",
				"relativeTimePattern-count-other": "for {0} kvt. siden"
			}
		},
		"quarter-narrow": {
			"displayName": "kvt.",
			"relative-type--1": "sidste kvt.",
			"relative-type-0": "dette kvt.",
			"relative-type-1": "næste kvt.",
			"relativeTime-type-future": {
				"relativeTimePattern-count-one": "om {0} kvt.",
				"relativeTimePattern-count-other": "om {0} kvt."
			},
			"relativeTime-type-past": {
				"relativeTimePattern-count-one": "for {0} kvt. siden",
				"relativeTimePattern-count-other": "for {0} kvt. siden"
			}
		},
		"month-wide": {
			"displayName": "måned",
			"relative-type--1": "sidste måned",
			"relative-type-0": "denne måned",
			"relative-type-1": "næste måned",
			"relativeTime-type-future": {
				"relativeTimePattern-count-one": "om {0} måned",
				"relativeTimePattern-count-other": "om {0} måneder"
			},
			"relativeTime-type-past": {
				"relativeTimePattern-count-one": "for {0} måned siden",
				"relativeTimePattern-count-other": "for {0} måneder siden"
			}
		},
		"month-short": {
			"displayName": "md.",
			"relative-type--1": "sidste md.",
			"relative-type-0": "denne md.",
			"relative-type-1": "næste md.",
			"relativeTime-type-future": {
				"relativeTimePattern-count-one": "om {0} md.",
				"relativeTimePattern-count-other": "om {0} mdr."
			},
			"relativeTime-type-past": {
				"relativeTimePattern-count-one": "for {0} md. siden",
				"relativeTimePattern-count-other": "for {0} mdr. siden"
			}
		},
		"month-narrow": {
			"displayName": "md.",
			"relative-type--1": "sidste md.",
			"relative-type-0": "denne md.",
			"relative-type-1": "næste md.",
			"relativeTime-type-future": {
				"relativeTimePattern-count-one": "om {0} md.",
				"relativeTimePattern-count-other": "om {0} mdr."
			},
			"relativeTime-type-past": {
				"relativeTimePattern-count-one": "for {0} md. siden",
				"relativeTimePattern-count-other": "for {0} mdr. siden"
			}
		},
		"week-wide": {
			"displayName": "uge",
			"relative-type--1": "sidste uge",
			"relative-type-0": "denne uge",
			"relative-type-1": "næste uge",
			"relativeTime-type-future": {
				"relativeTimePattern-count-one": "om {0} uge",
				"relativeTimePattern-count-other": "om {0} uger"
			},
			"relativeTime-type-past": {
				"relativeTimePattern-count-one": "for {0} uge siden",
				"relativeTimePattern-count-other": "for {0} uger siden"
			},
			"relativePeriod": "i ugen med {0}"
		},
		"week-short": {
			"displayName": "uge",
			"relative-type--1": "sidste uge",
			"relative-type-0": "denne uge",
			"relative-type-1": "næste uge",
			"relativeTime-type-future": {
				"relativeTimePattern-count-one": "om {0} uge",
				"relativeTimePattern-count-other": "om {0} uger"
			},
			"relativeTime-type-past": {
				"relativeTimePattern-count-one": "for {0} uge siden",
				"relativeTimePattern-count-other": "for {0} uger siden"
			},
			"relativePeriod": "i ugen med {0}"
		},
		"week-narrow": {
			"displayName": "uge",
			"relative-type--1": "sidste uge",
			"relative-type-0": "denne uge",
			"relative-type-1": "næste uge",
			"relativeTime-type-future": {
				"relativeTimePattern-count-one": "om {0} uge",
				"relativeTimePattern-count-other": "om {0} uger"
			},
			"relativeTime-type-past": {
				"relativeTimePattern-count-one": "for {0} uge siden",
				"relativeTimePattern-count-other": "for {0} uger siden"
			},
			"relativePeriod": "i ugen med {0}"
		},
		"day-wide": {
			"displayName": "dag",
			"relative-type--2": "i forgårs",
			"relative-type--1": "i går",
			"relative-type-0": "i dag",
			"relative-type-1": "i morgen",
			"relative-type-2": "i overmorgen",
			"relativeTime-type-future": {
				"relativeTimePattern-count-one": "om {0} dag",
				"relativeTimePattern-count-other": "om {0} dage"
			},
			"relativeTime-type-past": {
				"relativeTimePattern-count-one": "for {0} dag siden",
				"relativeTimePattern-count-other": "for {0} dage siden"
			}
		},
		"day-short": {
			"displayName": "dag",
			"relative-type--2": "i forgårs",
			"relative-type--1": "i går",
			"relative-type-0": "i dag",
			"relative-type-1": "i morgen",
			"relative-type-2": "i overmorgen",
			"relativeTime-type-future": {
				"relativeTimePattern-count-one": "om {0} dag",
				"relativeTimePattern-count-other": "om {0} dage"
			},
			"relativeTime-type-past": {
				"relativeTimePattern-count-one": "for {0} dag siden",
				"relativeTimePattern-count-other": "for {0} dage siden"
			}
		},
		"day-narrow": {
			"displayName": "dag",
			"relative-type--2": "i forgårs",
			"relative-type--1": "i går",
			"relative-type-0": "i dag",
			"relative-type-1": "i morgen",
			"relative-type-2": "i overmorgen",
			"relativeTime-type-future": {
				"relativeTimePattern-count-one": "om {0} dag",
				"relativeTimePattern-count-other": "om {0} dage"
			},
			"relativeTime-type-past": {
				"relativeTimePattern-count-one": "for {0} dag siden",
				"relativeTimePattern-count-other": "for {0} dage siden"
			}
		},
		"weekday": {
			"displayName": "ugedag"
		},
		"hour-wide": {
			"displayName": "time",
			"relative-type-0": "i den kommende time",
			"relativeTime-type-future": {
				"relativeTimePattern-count-one": "om {0} time",
				"relativeTimePattern-count-other": "om {0} timer"
			},
			"relativeTime-type-past": {
				"relativeTimePattern-count-one": "for {0} time siden",
				"relativeTimePattern-count-other": "for {0} timer siden"
			}
		},
		"hour-short": {
			"displayName": "t.",
			"relative-type-0": "i den kommende time",
			"relativeTime-type-future": {
				"relativeTimePattern-count-one": "om {0} time",
				"relativeTimePattern-count-other": "om {0} timer"
			},
			"relativeTime-type-past": {
				"relativeTimePattern-count-one": "for {0} time siden",
				"relativeTimePattern-count-other": "for {0} timer siden"
			}
		},
		"hour-narrow": {
			"displayName": "t.",
			"relative-type-0": "i den kommende time",
			"relativeTime-type-future": {
				"relativeTimePattern-count-one": "om {0} time",
				"relativeTimePattern-count-other": "om {0} timer"
			},
			"relativeTime-type-past": {
				"relativeTimePattern-count-one": "for {0} time siden",
				"relativeTimePattern-count-other": "for {0} timer siden"
			}
		},
		"minute-wide": {
			"displayName": "minut",
			"relative-type-0": "i det kommende minut",
			"relativeTime-type-future": {
				"relativeTimePattern-count-one": "om {0} minut",
				"relativeTimePattern-count-other": "om {0} minutter"
			},
			"relativeTime-type-past": {
				"relativeTimePattern-count-one": "for {0} minut siden",
				"relativeTimePattern-count-other": "for {0} minutter siden"
			}
		},
		"minute-short": {
			"displayName": "min.",
			"relative-type-0": "i det kommende minut",
			"relativeTime-type-future": {
				"relativeTimePattern-count-one": "om {0} min.",
				"relativeTimePattern-count-other": "om {0} min."
			},
			"relativeTime-type-past": {
				"relativeTimePattern-count-one": "for {0} min. siden",
				"relativeTimePattern-count-other": "for {0} min. siden"
			}
		},
		"minute-narrow": {
			"displayName": "min.",
			"relative-type-0": "i det kommende minut",
			"relativeTime-type-future": {
				"relativeTimePattern-count-one": "om {0} min.",
				"relativeTimePattern-count-other": "om {0} min."
			},
			"relativeTime-type-past": {
				"relativeTimePattern-count-one": "for {0} min. siden",
				"relativeTimePattern-count-other": "for {0} min. siden"
			}
		},
		"second-wide": {
			"displayName": "sekund",
			"relative-type-0": "nu",
			"relativeTime-type-future": {
				"relativeTimePattern-count-one": "om {0} sekund",
				"relativeTimePattern-count-other": "om {0} sekunder"
			},
			"relativeTime-type-past": {
				"relativeTimePattern-count-one": "for {0} sekund siden",
				"relativeTimePattern-count-other": "for {0} sekunder siden"
			}
		},
		"second-short": {
			"displayName": "sek.",
			"relative-type-0": "nu",
			"relativeTime-type-future": {
				"relativeTimePattern-count-one": "om {0} sek.",
				"relativeTimePattern-count-other": "om {0} sek."
			},
			"relativeTime-type-past": {
				"relativeTimePattern-count-one": "for {0} sek. siden",
				"relativeTimePattern-count-other": "for {0} sek. siden"
			}
		},
		"second-narrow": {
			"displayName": "s",
			"relative-type-0": "nu",
			"relativeTime-type-future": {
				"relativeTimePattern-count-one": "om {0} sek.",
				"relativeTimePattern-count-other": "om {0} sek."
			},
			"relativeTime-type-past": {
				"relativeTimePattern-count-one": "for {0} sek. siden",
				"relativeTimePattern-count-other": "for {0} sek. siden"
			}
		},
		"zone": {
			"displayName": "tidszone"
		}
	},
	"decimalFormat": {
		"standard": "#,##0.###"
	},
	"decimalFormat-long": {
		"1000-one": "0 tusind",
		"1000-other": "0 tusind",
		"10000-one": "00 tusind",
		"10000-other": "00 tusind",
		"100000-one": "000 tusind",
		"100000-other": "000 tusind",
		"1000000-one": "0 million",
		"1000000-other": "0 millioner",
		"10000000-one": "00 millioner",
		"10000000-other": "00 millioner",
		"100000000-one": "000 millioner",
		"100000000-other": "000 millioner",
		"1000000000-one": "0 milliard",
		"1000000000-other": "0 milliarder",
		"10000000000-one": "00 milliarder",
		"10000000000-other": "00 milliarder",
		"100000000000-one": "000 milliarder",
		"100000000000-other": "000 milliarder",
		"1000000000000-one": "0 billion",
		"1000000000000-other": "0 billioner",
		"10000000000000-one": "00 billioner",
		"10000000000000-other": "00 billioner",
		"100000000000000-one": "000 billioner",
		"100000000000000-other": "000 billioner"
	},
	"decimalFormat-short": {
		"1000-one": "0 t",
		"1000-other": "0 t",
		"10000-one": "00 t",
		"10000-other": "00 t",
		"100000-one": "000 t",
		"100000-other": "000 t",
		"1000000-one": "0 mio'.'",
		"1000000-other": "0 mio'.'",
		"10000000-one": "00 mio'.'",
		"10000000-other": "00 mio'.'",
		"100000000-one": "000 mio'.'",
		"100000000-other": "000 mio'.'",
		"1000000000-one": "0 mia'.'",
		"1000000000-other": "0 mia'.'",
		"10000000000-one": "00 mia'.'",
		"10000000000-other": "00 mia'.'",
		"100000000000-one": "000 mia'.'",
		"100000000000-other": "000 mia'.'",
		"1000000000000-one": "0 bio'.'",
		"1000000000000-other": "0 bio'.'",
		"10000000000000-one": "00 bio'.'",
		"10000000000000-other": "00 bio'.'",
		"100000000000000-one": "000 bio'.'",
		"100000000000000-other": "000 bio'.'"
	},
	"scientificFormat": {
		"standard": "#E0"
	},
	"percentFormat": {
		"standard": "#,##0 %"
	},
	"currencyFormat": {
		"standard": "#,##0.00 ¤",
		"accounting": "#,##0.00 ¤",
		"currencySpacing": {
			"beforeCurrency": {
				"currencyMatch": "[:^S:]",
				"surroundingMatch": "[:digit:]",
				"insertBetween": " "
			},
			"afterCurrency": {
				"currencyMatch": "[:^S:]",
				"surroundingMatch": "[:digit:]",
				"insertBetween": " "
			}
		}
	},
	"currencyFormat-short": {
		"1000-one": "0 t ¤",
		"1000-other": "0 t ¤",
		"10000-one": "00 t ¤",
		"10000-other": "00 t ¤",
		"100000-one": "000 t ¤",
		"100000-other": "000 t ¤",
		"1000000-one": "0 mio'.' ¤",
		"1000000-other": "0 mio'.' ¤",
		"10000000-one": "00 mio'.' ¤",
		"10000000-other": "00 mio'.' ¤",
		"100000000-one": "000 mio'.' ¤",
		"100000000-other": "000 mio'.' ¤",
		"1000000000-one": "0 mia'.' ¤",
		"1000000000-other": "0 mia'.' ¤",
		"10000000000-one": "00 mia'.' ¤",
		"10000000000-other": "00 mia'.' ¤",
		"100000000000-one": "000 mia'.' ¤",
		"100000000000-other": "000 mia'.' ¤",
		"1000000000000-one": "0 bio'.' ¤",
		"1000000000000-other": "0 bio'.' ¤",
		"10000000000000-one": "00 bio'.' ¤",
		"10000000000000-other": "00 bio'.' ¤",
		"100000000000000-one": "000 bio'.' ¤",
		"100000000000000-other": "000 bio'.' ¤"
	},
	"symbols-latn-decimal": ",",
	"symbols-latn-group": ".",
	"symbols-latn-list": ";",
	"symbols-latn-percentSign": "%",
	"symbols-latn-plusSign": "+",
	"symbols-latn-minusSign": "-",
	"symbols-latn-exponential": "E",
	"symbols-latn-superscriptingExponent": "×",
	"symbols-latn-perMille": "‰",
	"symbols-latn-infinity": "∞",
	"symbols-latn-nan": "NaN",
	"symbols-latn-timeSeparator": ".",
	"currencySymbols": {
		"AUD": "AU$",
		"BRL": "R$",
		"CAD": "CA$",
		"CNY": "CN¥",
		"DKK": "kr.",
		"EUR": "€",
		"GBP": "£",
		"HKD": "HK$",
		"ILS": "₪",
		"INR": "₹",
		"JPY": "JP¥",
		"KRW": "₩",
		"MXN": "MX$",
		"NZD": "NZ$",
		"THB": "฿",
		"TWD": "NT$",
		"USD": "$",
		"VND": "₫",
		"XAF": "FCFA",
		"XCD": "EC$",
		"XOF": "CFA",
		"XPF": "CFPF",
		"XXX": "¤"
	},
	"rtl": false,
	"listPattern-standard-wide": {
		"2": "{0} og {1}",
		"start": "{0}, {1}",
		"middle": "{0}, {1}",
		"end": "{0} og {1}"
	},
	"listPattern-or-wide": {
		"2": "{0} eller {1}",
		"start": "{0}, {1}",
		"middle": "{0}, {1}",
		"end": "{0} eller {1}"
	},
	"listPattern-or-short": {
		"2": "{0} eller {1}",
		"start": "{0}, {1}",
		"middle": "{0}, {1}",
		"end": "{0} eller {1}"
	},
	"listPattern-standard-short": {
		"2": "{0} og {1}",
		"start": "{0}, {1}",
		"middle": "{0}, {1}",
		"end": "{0} og {1}"
	},
	"units": {
		"short": {
			"per": {
				"compoundUnitPattern": "{0}/{1}"
			},
			"acceleration-g-force": {
				"displayName": "G-kraft",
				"unitPattern-count-one": "{0} G",
				"unitPattern-count-other": "{0} G"
			},
			"acceleration-meter-per-second-squared": {
				"displayName": "m/s²",
				"unitPattern-count-one": "{0} m/s²",
				"unitPattern-count-other": "{0} m/s²"
			},
			"angle-revolution": {
				"displayName": "omdr.",
				"unitPattern-count-one": "{0} omdr.",
				"unitPattern-count-other": "{0} omdr."
			},
			"angle-radian": {
				"displayName": "radian",
				"unitPattern-count-one": "{0} radian",
				"unitPattern-count-other": "{0} radian"
			},
			"angle-degree": {
				"displayName": "grader",
				"unitPattern-count-one": "{0}°",
				"unitPattern-count-other": "{0}°"
			},
			"angle-arc-minute": {
				"displayName": "buemin.",
				"unitPattern-count-one": "{0}′",
				"unitPattern-count-other": "{0}′"
			},
			"angle-arc-second": {
				"displayName": "buesek.",
				"unitPattern-count-one": "{0}″",
				"unitPattern-count-other": "{0}″"
			},
			"area-square-kilometer": {
				"displayName": "km²",
				"unitPattern-count-one": "{0} km²",
				"unitPattern-count-other": "{0} km²",
				"perUnitPattern": "{0}/km²"
			},
			"area-hectare": {
				"displayName": "hektar",
				"unitPattern-count-one": "{0} ha",
				"unitPattern-count-other": "{0} ha"
			},
			"area-square-meter": {
				"displayName": "m²",
				"unitPattern-count-one": "{0} m²",
				"unitPattern-count-other": "{0} m²",
				"perUnitPattern": "{0}/m²"
			},
			"area-square-centimeter": {
				"displayName": "cm²",
				"unitPattern-count-one": "{0} cm²",
				"unitPattern-count-other": "{0} cm²",
				"perUnitPattern": "{0}/cm²"
			},
			"area-square-mile": {
				"displayName": "mi²",
				"unitPattern-count-one": "{0} mi²",
				"unitPattern-count-other": "{0} mi²",
				"perUnitPattern": "{0}/mi²"
			},
			"area-acre": {
				"displayName": "acre",
				"unitPattern-count-one": "{0} ac",
				"unitPattern-count-other": "{0} ac"
			},
			"area-square-yard": {
				"displayName": "yd²",
				"unitPattern-count-one": "{0} yd²",
				"unitPattern-count-other": "{0} yd²"
			},
			"area-square-foot": {
				"displayName": "kvadratfod",
				"unitPattern-count-one": "{0} kvadratfod",
				"unitPattern-count-other": "{0} kvadratfod"
			},
			"area-square-inch": {
				"displayName": "in²",
				"unitPattern-count-one": "{0} in²",
				"unitPattern-count-other": "{0} in²",
				"perUnitPattern": "{0}/in²"
			},
			"concentr-karat": {
				"displayName": "karat",
				"unitPattern-count-one": "{0} kt.",
				"unitPattern-count-other": "{0} kt."
			},
			"concentr-milligram-per-deciliter": {
				"displayName": "mg/dl",
				"unitPattern-count-one": "{0} mg/dl",
				"unitPattern-count-other": "{0} mg/dl"
			},
			"concentr-millimole-per-liter": {
				"displayName": "mmol/l",
				"unitPattern-count-one": "{0} mmol/l",
				"unitPattern-count-other": "{0} mmol/l"
			},
			"concentr-part-per-million": {
				"displayName": "ppm",
				"unitPattern-count-one": "{0} ppm",
				"unitPattern-count-other": "{0} ppm"
			},
			"concentr-percent": {
				"displayName": "pct.",
				"unitPattern-count-one": "{0} pct.",
				"unitPattern-count-other": "{0} pct."
			},
			"concentr-permille": {
				"displayName": "‰",
				"unitPattern-count-one": "{0} ‰",
				"unitPattern-count-other": "{0} ‰"
			},
			"consumption-liter-per-kilometer": {
				"displayName": "l/km",
				"unitPattern-count-one": "{0} l/km",
				"unitPattern-count-other": "{0} l/km"
			},
			"consumption-liter-per-100kilometers": {
				"displayName": "l/100 km",
				"unitPattern-count-one": "{0} l/100 km",
				"unitPattern-count-other": "{0} l/100 km"
			},
			"consumption-mile-per-gallon": {
				"displayName": "mpg",
				"unitPattern-count-one": "{0} mpg",
				"unitPattern-count-other": "{0} mpg"
			},
			"consumption-mile-per-gallon-imperial": {
				"displayName": "mil/eng. gal",
				"unitPattern-count-one": "{0} eng. mpg",
				"unitPattern-count-other": "{0} eng. mpg"
			},
			"digital-petabyte": {
				"displayName": "PB",
				"unitPattern-count-one": "{0} PB",
				"unitPattern-count-other": "{0} PB"
			},
			"digital-terabyte": {
				"displayName": "TB",
				"unitPattern-count-one": "{0} TB",
				"unitPattern-count-other": "{0} TB"
			},
			"digital-terabit": {
				"displayName": "Tbit",
				"unitPattern-count-one": "{0} Tbit",
				"unitPattern-count-other": "{0} Tbit"
			},
			"digital-gigabyte": {
				"displayName": "GB",
				"unitPattern-count-one": "{0} GB",
				"unitPattern-count-other": "{0} GB"
			},
			"digital-gigabit": {
				"displayName": "Gbit",
				"unitPattern-count-one": "{0} Gbit",
				"unitPattern-count-other": "{0} Gbit"
			},
			"digital-megabyte": {
				"displayName": "MB",
				"unitPattern-count-one": "{0} MB",
				"unitPattern-count-other": "{0} MB"
			},
			"digital-megabit": {
				"displayName": "Mbit",
				"unitPattern-count-one": "{0} Mbit",
				"unitPattern-count-other": "{0} Mbit"
			},
			"digital-kilobyte": {
				"displayName": "kB",
				"unitPattern-count-one": "{0} kB",
				"unitPattern-count-other": "{0} kB"
			},
			"digital-kilobit": {
				"displayName": "kbit",
				"unitPattern-count-one": "{0} kbit",
				"unitPattern-count-other": "{0} kbit"
			},
			"digital-byte": {
				"displayName": "byte",
				"unitPattern-count-one": "{0} byte",
				"unitPattern-count-other": "{0} byte"
			},
			"digital-bit": {
				"displayName": "bit",
				"unitPattern-count-one": "{0} bit",
				"unitPattern-count-other": "{0} bit"
			},
			"duration-century": {
				"displayName": "årh.",
				"unitPattern-count-one": "{0} årh.",
				"unitPattern-count-other": "{0} årh."
			},
			"duration-year": {
				"displayName": "år",
				"unitPattern-count-one": "{0} år",
				"unitPattern-count-other": "{0} år",
				"perUnitPattern": "{0}/år"
			},
			"duration-month": {
				"displayName": "måneder",
				"unitPattern-count-one": "{0} md.",
				"unitPattern-count-other": "{0} mdr.",
				"perUnitPattern": "{0}/md."
			},
			"duration-week": {
				"displayName": "uger",
				"unitPattern-count-one": "{0} uge",
				"unitPattern-count-other": "{0} uger",
				"perUnitPattern": "{0}/uge"
			},
			"duration-day": {
				"displayName": "dage",
				"unitPattern-count-one": "{0} dag",
				"unitPattern-count-other": "{0} dage",
				"perUnitPattern": "{0}/dag"
			},
			"duration-hour": {
				"displayName": "timer",
				"unitPattern-count-one": "{0} t",
				"unitPattern-count-other": "{0} t",
				"perUnitPattern": "{0} /t"
			},
			"duration-minute": {
				"displayName": "minutter",
				"unitPattern-count-one": "{0} min.",
				"unitPattern-count-other": "{0} min.",
				"perUnitPattern": "{0}/min."
			},
			"duration-second": {
				"displayName": "sekunder",
				"unitPattern-count-one": "{0} sek.",
				"unitPattern-count-other": "{0} sek.",
				"perUnitPattern": "{0}/sek."
			},
			"duration-millisecond": {
				"displayName": "milisek.",
				"unitPattern-count-one": "{0} ms",
				"unitPattern-count-other": "{0} ms"
			},
			"duration-microsecond": {
				"displayName": "μs",
				"unitPattern-count-one": "{0} μs",
				"unitPattern-count-other": "{0} μs"
			},
			"duration-nanosecond": {
				"displayName": "ns",
				"unitPattern-count-one": "{0} ns",
				"unitPattern-count-other": "{0} ns"
			},
			"electric-ampere": {
				"displayName": "A",
				"unitPattern-count-one": "{0} A",
				"unitPattern-count-other": "{0} A"
			},
			"electric-milliampere": {
				"displayName": "mA",
				"unitPattern-count-one": "{0} mA",
				"unitPattern-count-other": "{0} mA"
			},
			"electric-ohm": {
				"displayName": "Ω",
				"unitPattern-count-one": "{0} Ω",
				"unitPattern-count-other": "{0} Ω"
			},
			"electric-volt": {
				"displayName": "V",
				"unitPattern-count-one": "{0} V",
				"unitPattern-count-other": "{0} V"
			},
			"energy-kilocalorie": {
				"displayName": "kcal",
				"unitPattern-count-one": "{0} kcal",
				"unitPattern-count-other": "{0} kcal"
			},
			"energy-calorie": {
				"displayName": "cal",
				"unitPattern-count-one": "{0} cal",
				"unitPattern-count-other": "{0} cal"
			},
			"energy-foodcalorie": {
				"displayName": "cal",
				"unitPattern-count-one": "{0} cal",
				"unitPattern-count-other": "{0} cal"
			},
			"energy-kilojoule": {
				"displayName": "kJ",
				"unitPattern-count-one": "{0} kJ",
				"unitPattern-count-other": "{0} kJ"
			},
			"energy-joule": {
				"displayName": "joule",
				"unitPattern-count-one": "{0} J",
				"unitPattern-count-other": "{0} J"
			},
			"energy-kilowatt-hour": {
				"displayName": "kWh",
				"unitPattern-count-one": "{0} kWh",
				"unitPattern-count-other": "{0} kWh"
			},
			"frequency-gigahertz": {
				"displayName": "GHz",
				"unitPattern-count-one": "{0} GHz",
				"unitPattern-count-other": "{0} GHz"
			},
			"frequency-megahertz": {
				"displayName": "MHz",
				"unitPattern-count-one": "{0} MHz",
				"unitPattern-count-other": "{0} MHz"
			},
			"frequency-kilohertz": {
				"displayName": "kHz",
				"unitPattern-count-one": "{0} kHz",
				"unitPattern-count-other": "{0} kHz"
			},
			"frequency-hertz": {
				"displayName": "Hz",
				"unitPattern-count-one": "{0} Hz",
				"unitPattern-count-other": "{0} Hz"
			},
			"length-kilometer": {
				"displayName": "km",
				"unitPattern-count-one": "{0} km",
				"unitPattern-count-other": "{0} km",
				"perUnitPattern": "{0}/km"
			},
			"length-meter": {
				"displayName": "meter",
				"unitPattern-count-one": "{0} m",
				"unitPattern-count-other": "{0} m",
				"perUnitPattern": "{0}/m"
			},
			"length-decimeter": {
				"displayName": "dm",
				"unitPattern-count-one": "{0} dm",
				"unitPattern-count-other": "{0} dm"
			},
			"length-centimeter": {
				"displayName": "cm",
				"unitPattern-count-one": "{0} cm",
				"unitPattern-count-other": "{0} cm",
				"perUnitPattern": "{0}/cm"
			},
			"length-millimeter": {
				"displayName": "mm",
				"unitPattern-count-one": "{0} mm",
				"unitPattern-count-other": "{0} mm"
			},
			"length-micrometer": {
				"displayName": "µm",
				"unitPattern-count-one": "{0} µm",
				"unitPattern-count-other": "{0} µm"
			},
			"length-nanometer": {
				"displayName": "nm",
				"unitPattern-count-one": "{0} nm",
				"unitPattern-count-other": "{0} nm"
			},
			"length-picometer": {
				"displayName": "pm",
				"unitPattern-count-one": "{0} pm",
				"unitPattern-count-other": "{0} pm"
			},
			"length-mile": {
				"displayName": "engelske mil",
				"unitPattern-count-one": "{0} mil",
				"unitPattern-count-other": "{0} mil"
			},
			"length-yard": {
				"displayName": "engelske yard",
				"unitPattern-count-one": "{0} yard",
				"unitPattern-count-other": "{0} yard"
			},
			"length-foot": {
				"displayName": "fod",
				"unitPattern-count-one": "{0} fod",
				"unitPattern-count-other": "{0} fod",
				"perUnitPattern": "{0}/ft"
			},
			"length-inch": {
				"displayName": "tommer",
				"unitPattern-count-one": "{0} tomme",
				"unitPattern-count-other": "{0} tommer",
				"perUnitPattern": "{0}/tomme"
			},
			"length-parsec": {
				"displayName": "pc",
				"unitPattern-count-one": "{0} pc",
				"unitPattern-count-other": "{0} pc"
			},
			"length-light-year": {
				"displayName": "lysår",
				"unitPattern-count-one": "{0} ly",
				"unitPattern-count-other": "{0} ly"
			},
			"length-astronomical-unit": {
				"displayName": "ae",
				"unitPattern-count-one": "{0} ae",
				"unitPattern-count-other": "{0} ae"
			},
			"length-furlong": {
				"displayName": "fur",
				"unitPattern-count-other": "{0} fur"
			},
			"length-fathom": {
				"displayName": "fm",
				"unitPattern-count-other": "{0} fth"
			},
			"length-nautical-mile": {
				"displayName": "sømil",
				"unitPattern-count-one": "{0} sm",
				"unitPattern-count-other": "{0} sm"
			},
			"length-mile-scandinavian": {
				"displayName": "smi",
				"unitPattern-count-one": "{0} smi",
				"unitPattern-count-other": "{0} smi"
			},
			"length-point": {
				"displayName": "pkt.",
				"unitPattern-count-one": "{0} pkt.",
				"unitPattern-count-other": "{0} pkt."
			},
			"light-lux": {
				"displayName": "lx",
				"unitPattern-count-one": "{0} lx",
				"unitPattern-count-other": "{0} lx"
			},
			"mass-metric-ton": {
				"displayName": "t",
				"unitPattern-count-one": "{0} t",
				"unitPattern-count-other": "{0} t"
			},
			"mass-kilogram": {
				"displayName": "kilogram",
				"unitPattern-count-one": "{0} kg",
				"unitPattern-count-other": "{0} kg",
				"perUnitPattern": "{0}/kg"
			},
			"mass-gram": {
				"displayName": "gram",
				"unitPattern-count-one": "{0} g",
				"unitPattern-count-other": "{0} g",
				"perUnitPattern": "{0}/g"
			},
			"mass-milligram": {
				"displayName": "mg",
				"unitPattern-count-one": "{0} mg",
				"unitPattern-count-other": "{0} mg"
			},
			"mass-microgram": {
				"displayName": "µg",
				"unitPattern-count-one": "{0} µg",
				"unitPattern-count-other": "{0} µg"
			},
			"mass-ton": {
				"displayName": "tn",
				"unitPattern-count-one": "{0} tn",
				"unitPattern-count-other": "{0} tn"
			},
			"mass-stone": {
				"displayName": "st",
				"unitPattern-count-other": "{0} st"
			},
			"mass-pound": {
				"displayName": "pund",
				"unitPattern-count-one": "{0} lb",
				"unitPattern-count-other": "{0} lb",
				"perUnitPattern": "{0}/lb"
			},
			"mass-ounce": {
				"displayName": "oz",
				"unitPattern-count-one": "{0} oz",
				"unitPattern-count-other": "{0} oz",
				"perUnitPattern": "{0}/oz"
			},
			"mass-ounce-troy": {
				"displayName": "oz t",
				"unitPattern-count-one": "{0} oz t",
				"unitPattern-count-other": "{0} oz t"
			},
			"mass-carat": {
				"displayName": "kt.",
				"unitPattern-count-one": "{0} kt.",
				"unitPattern-count-other": "{0} kt."
			},
			"power-gigawatt": {
				"displayName": "GW",
				"unitPattern-count-one": "{0} GW",
				"unitPattern-count-other": "{0} GW"
			},
			"power-megawatt": {
				"displayName": "MW",
				"unitPattern-count-one": "{0} MW",
				"unitPattern-count-other": "{0} MW"
			},
			"power-kilowatt": {
				"displayName": "kW",
				"unitPattern-count-one": "{0} kW",
				"unitPattern-count-other": "{0} kW"
			},
			"power-watt": {
				"displayName": "W",
				"unitPattern-count-one": "{0} W",
				"unitPattern-count-other": "{0} W"
			},
			"power-milliwatt": {
				"displayName": "mW",
				"unitPattern-count-one": "{0} mW",
				"unitPattern-count-other": "{0} mW"
			},
			"power-horsepower": {
				"displayName": "hk",
				"unitPattern-count-one": "{0} hk",
				"unitPattern-count-other": "{0} hk"
			},
			"pressure-hectopascal": {
				"displayName": "hPa",
				"unitPattern-count-one": "{0} hPa",
				"unitPattern-count-other": "{0} hPa"
			},
			"pressure-millimeter-of-mercury": {
				"displayName": "mmHg",
				"unitPattern-count-one": "{0} mmHg",
				"unitPattern-count-other": "{0} mmHg"
			},
			"pressure-pound-per-square-inch": {
				"displayName": "psi",
				"unitPattern-count-one": "{0} psi",
				"unitPattern-count-other": "{0} psi"
			},
			"pressure-inch-hg": {
				"displayName": "# Hg",
				"unitPattern-count-one": "{0} # Hg",
				"unitPattern-count-other": "{0} # Hg"
			},
			"pressure-millibar": {
				"displayName": "mbar",
				"unitPattern-count-one": "{0} mbar",
				"unitPattern-count-other": "{0} mbar"
			},
			"pressure-atmosphere": {
				"displayName": "atm",
				"unitPattern-count-one": "{0} atm",
				"unitPattern-count-other": "{0} atm"
			},
			"speed-kilometer-per-hour": {
				"displayName": "km/t",
				"unitPattern-count-one": "{0} km/t.",
				"unitPattern-count-other": "{0} km/t."
			},
			"speed-meter-per-second": {
				"displayName": "m/s",
				"unitPattern-count-one": "{0} m/s",
				"unitPattern-count-other": "{0} m/s"
			},
			"speed-mile-per-hour": {
				"displayName": "engelske mil/timen",
				"unitPattern-count-one": "{0} mph",
				"unitPattern-count-other": "{0} mph"
			},
			"speed-knot": {
				"displayName": "knob",
				"unitPattern-count-one": "{0} knob",
				"unitPattern-count-other": "{0} knob"
			},
			"temperature-generic": {
				"displayName": "°",
				"unitPattern-count-one": "{0}°",
				"unitPattern-count-other": "{0}°"
			},
			"temperature-celsius": {
				"displayName": "°C",
				"unitPattern-count-one": "{0}°C",
				"unitPattern-count-other": "{0}°C"
			},
			"temperature-fahrenheit": {
				"displayName": "°F",
				"unitPattern-count-one": "{0}°F",
				"unitPattern-count-other": "{0}°F"
			},
			"temperature-kelvin": {
				"displayName": "K",
				"unitPattern-count-one": "{0} K",
				"unitPattern-count-other": "{0} K"
			},
			"volume-cubic-kilometer": {
				"displayName": "km³",
				"unitPattern-count-one": "{0} km³",
				"unitPattern-count-other": "{0} km³"
			},
			"volume-cubic-meter": {
				"displayName": "m³",
				"unitPattern-count-one": "{0} m³",
				"unitPattern-count-other": "{0} m³",
				"perUnitPattern": "{0}/m³"
			},
			"volume-cubic-centimeter": {
				"displayName": "cm³",
				"unitPattern-count-one": "{0} cm³",
				"unitPattern-count-other": "{0} cm³",
				"perUnitPattern": "{0}/cm³"
			},
			"volume-cubic-mile": {
				"displayName": "mi³",
				"unitPattern-count-one": "{0} mi³",
				"unitPattern-count-other": "{0} mi³"
			},
			"volume-cubic-yard": {
				"displayName": "yd³",
				"unitPattern-count-one": "{0} yd³",
				"unitPattern-count-other": "{0} yd³"
			},
			"volume-cubic-foot": {
				"displayName": "ft³",
				"unitPattern-count-one": "{0} ft³",
				"unitPattern-count-other": "{0} ft³"
			},
			"volume-cubic-inch": {
				"displayName": "in³",
				"unitPattern-count-one": "{0} in³",
				"unitPattern-count-other": "{0} in³"
			},
			"volume-megaliter": {
				"displayName": "ML",
				"unitPattern-count-one": "{0} ML",
				"unitPattern-count-other": "{0} ML"
			},
			"volume-hectoliter": {
				"displayName": "hl",
				"unitPattern-count-one": "{0} hl",
				"unitPattern-count-other": "{0} hl"
			},
			"volume-liter": {
				"displayName": "liter",
				"unitPattern-count-one": "{0} l",
				"unitPattern-count-other": "{0} l",
				"perUnitPattern": "{0}/l"
			},
			"volume-deciliter": {
				"displayName": "dl",
				"unitPattern-count-one": "{0} dl",
				"unitPattern-count-other": "{0} dl"
			},
			"volume-centiliter": {
				"displayName": "cl",
				"unitPattern-count-one": "{0} cl",
				"unitPattern-count-other": "{0} cl"
			},
			"volume-milliliter": {
				"displayName": "ml",
				"unitPattern-count-one": "{0} ml",
				"unitPattern-count-other": "{0} ml"
			},
			"volume-pint-metric": {
				"displayName": "mpt",
				"unitPattern-count-one": "mpt",
				"unitPattern-count-other": "{0} mpt"
			},
			"volume-cup-metric": {
				"displayName": "mcup",
				"unitPattern-count-one": "{0} mc",
				"unitPattern-count-other": "{0} mc"
			},
			"volume-acre-foot": {
				"displayName": "ac ft",
				"unitPattern-count-one": "{0} ac ft",
				"unitPattern-count-other": "{0} ac ft"
			},
			"volume-bushel": {
				"displayName": "bu",
				"unitPattern-count-other": "{0} bu"
			},
			"volume-gallon": {
				"displayName": "gal",
				"unitPattern-count-one": "{0} gal",
				"unitPattern-count-other": "{0} gal",
				"perUnitPattern": "{0}/gal"
			},
			"volume-gallon-imperial": {
				"displayName": "eng. gal",
				"unitPattern-count-one": "{0} eng. gal",
				"unitPattern-count-other": "{0} eng. gal",
				"perUnitPattern": "{0} eng. gal"
			},
			"volume-quart": {
				"displayName": "qt",
				"unitPattern-count-one": "{0} qt",
				"unitPattern-count-other": "{0} qt"
			},
			"volume-pint": {
				"displayName": "pt",
				"unitPattern-count-one": "{0} pt",
				"unitPattern-count-other": "{0} pt"
			},
			"volume-cup": {
				"displayName": "cups",
				"unitPattern-count-one": "{0} c",
				"unitPattern-count-other": "{0} c"
			},
			"volume-fluid-ounce": {
				"displayName": "fl oz",
				"unitPattern-count-one": "{0} fl oz",
				"unitPattern-count-other": "{0} fl oz"
			},
			"volume-tablespoon": {
				"displayName": "spsk.",
				"unitPattern-count-one": "{0} spsk.",
				"unitPattern-count-other": "{0} spsk."
			},
			"volume-teaspoon": {
				"displayName": "tsk.",
				"unitPattern-count-one": "{0} tsk.",
				"unitPattern-count-other": "{0} tsk."
			},
			"coordinateUnit": {
				"displayName": "retning",
				"east": "{0}Ø",
				"north": "{0}N",
				"south": "{0}S",
				"west": "{0}V"
			}
		}
	},
	"currencyDigits": {
		"ADP": 0,
		"AFN": 0,
		"ALL": 0,
		"BHD": 3,
		"BIF": 0,
		"BYR": 0,
		"CLF": 4,
		"CLP": 0,
		"DEFAULT": 2,
		"DJF": 0,
		"ESP": 0,
		"GNF": 0,
		"HUF": 0,
		"IQD": 0,
		"IRR": 0,
		"ISK": 0,
		"ITL": 0,
		"JOD": 3,
		"JPY": 0,
		"KMF": 0,
		"KPW": 0,
		"KRW": 0,
		"KWD": 3,
		"LAK": 0,
		"LBP": 0,
		"LUF": 0,
		"LYD": 3,
		"MGA": 0,
		"MGF": 0,
		"MMK": 0,
		"MRO": 0,
		"OMR": 3,
		"PYG": 0,
		"RSD": 0,
		"RWF": 0,
		"SLL": 0,
		"SOS": 0,
		"STD": 0,
		"SYP": 0,
		"TMM": 0,
		"TND": 3,
		"TRL": 0,
		"TWD": 0,
		"UGX": 0,
		"UYI": 0,
		"UYW": 4,
		"VND": 0,
		"VUV": 0,
		"XAF": 0,
		"XOF": 0,
		"XPF": 0,
		"YER": 0,
		"ZMK": 0,
		"ZWD": 0
	},
	"plurals": {
		"one": "n = 1 or t != 0 and i = 0,1"
	},
	"weekData-minDays": 4,
	"weekData-firstDay": 1,
	"weekData-weekendStart": 6,
	"weekData-weekendEnd": 0,
	"timeData": {
		"_allowed": "H",
		"_preferred": "H"
	},
	"eras-gregorian": {
		"0": {
			"_end": "0-12-31"
		},
		"1": {
			"_start": "1-01-01"
		}
	},
	"eras-islamic": {
		"0": {
			"_start": "622-7-15"
		}
	},
	"eras-persian": {
		"0": {
			"_start": "622-01-01"
		}
	},
	"eras-buddhist": {
		"0": {
			"_start": "-542-01-01"
		}
	},
	"eras-japanese": {
		"232": {
			"_start": "1868-9-8"
		},
		"233": {
			"_start": "1912-7-30"
		},
		"234": {
			"_start": "1926-12-25"
		},
		"235": {
			"_start": "1989-1-8"
		},
		"236": {
			"_start": "2019-5-1"
		}
	}
}