{
  "modules" : [
    {
      "name" : "sap/ui/commons/Accordion.js",
      "description" : "Provides control sap.ui.commons.Accordion.",
      "size" : 26977,
      "compressedSize" : 8447,
      "required" : ["jquery.sap.global.js", "sap/ui/commons/AccordionRenderer.js", "sap/ui/commons/library.js", "sap/ui/core/Control.js", "sap/ui/thirdparty/jqueryui/jquery-ui-core.js", "sap/ui/thirdparty/jqueryui/jquery-ui-mouse.js", "sap/ui/thirdparty/jqueryui/jquery-ui-sortable.js", "sap/ui/thirdparty/jqueryui/jquery-ui-widget.js", "ui5loader-autoconfig.js"],
      "includes" : []
    },
    {
      "name" : "sap/ui/commons/AccordionRenderer.js",
      "description" : "Provides default renderer for control sap.ui.commons.Accordion",
      "size" : 6709,
      "compressedSize" : 4053,
      "required" : ["jquery.sap.global.js", "ui5loader-autoconfig.js"],
      "includes" : []
    },
    {
      "name" : "sap/ui/commons/AccordionSection.js",
      "description" : "Provides control sap.ui.commons.AccordionSection.",
      "size" : 9392,
      "compressedSize" : 3439,
      "required" : ["jquery.sap.global.js", "sap/ui/commons/library.js", "sap/ui/core/Element.js", "ui5loader-autoconfig.js"],
      "includes" : []
    },
    {
      "name" : "sap/ui/commons/ApplicationHeader.js",
      "description" : "Provides control sap.ui.commons.ApplicationHeader.",
      "size" : 5316,
      "compressedSize" : 2356,
      "required" : ["jquery.sap.global.js", "sap/ui/commons/ApplicationHeaderRenderer.js", "sap/ui/commons/Button.js", "sap/ui/commons/Image.js", "sap/ui/commons/TextView.js", "sap/ui/commons/library.js", "sap/ui/core/Control.js", "ui5loader-autoconfig.js"],
      "includes" : []
    },
    {
      "name" : "sap/ui/commons/ApplicationHeaderRenderer.js",
      "description" : "Provides default renderer for control sap.ui.commons.ApplicationHeader",
      "size" : 4820,
      "compressedSize" : 2151,
      "required" : ["jquery.sap.global.js", "sap/ui/core/theming/Parameters.js", "ui5loader-autoconfig.js"],
      "includes" : []
    },
    {
      "name" : "sap/ui/commons/Area.js",
      "description" : "Provides control sap.ui.commons.Area.",
      "size" : 2409,
      "compressedSize" : 721,
      "required" : ["jquery.sap.global.js", "sap/ui/commons/library.js", "sap/ui/core/Element.js", "ui5loader-autoconfig.js"],
      "includes" : []
    },
    {
      "name" : "sap/ui/commons/AutoComplete.js",
      "description" : "Provides control sap.ui.commons.AutoComplete.",
      "size" : 11512,
      "compressedSize" : 5349,
      "required" : ["jquery.sap.global.js", "jquery.sap.strings.js", "sap/ui/commons/AutoCompleteRenderer.js", "sap/ui/commons/ComboBox.js", "sap/ui/commons/library.js", "ui5loader-autoconfig.js"],
      "includes" : []
    },
    {
      "name" : "sap/ui/commons/AutoCompleteRenderer.js",
      "description" : "Provides default renderer for control sap.ui.commons.AutoComplete",
      "size" : 1942,
      "compressedSize" : 1129,
      "required" : ["jquery.sap.global.js", "sap/ui/commons/ComboBoxRenderer.js", "sap/ui/core/Renderer.js", "ui5loader-autoconfig.js"],
      "includes" : []
    },
    {
      "name" : "sap/ui/commons/Button.js",
      "description" : "Provides control sap.ui.commons.Button.",
      "size" : 10194,
      "compressedSize" : 3802,
      "required" : ["jquery.sap.global.js", "sap/ui/commons/ButtonRenderer.js", "sap/ui/commons/library.js", "sap/ui/core/Control.js", "sap/ui/core/EnabledPropagator.js", "sap/ui/core/IconPool.js", "ui5loader-autoconfig.js"],
      "includes" : []
    },
    {
      "name" : "sap/ui/commons/ButtonRenderer.js",
      "description" : "Provides default renderer for control sap.ui.commons.Button",
      "size" : 10541,
      "compressedSize" : 5057,
      "required" : ["jquery.sap.global.js", "ui5loader-autoconfig.js"],
      "includes" : []
    },
    {
      "name" : "sap/ui/commons/Callout.js",
      "description" : "Provides control sap.ui.commons.Callout.",
      "size" : 1610,
      "compressedSize" : 487,
      "required" : ["jquery.sap.global.js", "sap/ui/commons/CalloutBase.js", "sap/ui/commons/CalloutRenderer.js", "sap/ui/commons/library.js", "ui5loader-autoconfig.js"],
      "includes" : []
    },
    {
      "name" : "sap/ui/commons/CalloutBase.js",
      "description" : "Provides control sap.ui.commons.CalloutBase.",
      "size" : 20184,
      "compressedSize" : 7163,
      "required" : ["jquery.sap.global.js", "sap/ui/commons/CalloutBaseRenderer.js", "sap/ui/commons/library.js", "sap/ui/core/TooltipBase.js", "ui5loader-autoconfig.js"],
      "includes" : []
    },
    {
      "name" : "sap/ui/commons/CalloutBaseRenderer.js",
      "description" : "! UI development toolkit for HTML5 (OpenUI5) (c) Copyright 2009-2018 SAP SE or an SAP affiliate company. Licensed under the Apache License, Version 2.0 - see LICENSE.txt.",
      "size" : 2677,
      "compressedSize" : 1404,
      "required" : ["jquery.sap.global.js", "ui5loader-autoconfig.js"],
      "includes" : []
    },
    {
      "name" : "sap/ui/commons/CalloutRenderer.js",
      "description" : "! UI development toolkit for HTML5 (OpenUI5) (c) Copyright 2009-2018 SAP SE or an SAP affiliate company. Licensed under the Apache License, Version 2.0 - see LICENSE.txt.",
      "size" : 2532,
      "compressedSize" : 625,
      "required" : ["jquery.sap.global.js", "sap/ui/commons/CalloutBaseRenderer.js", "sap/ui/core/Renderer.js", "ui5loader-autoconfig.js"],
      "includes" : []
    },
    {
      "name" : "sap/ui/commons/Carousel.js",
      "description" : "Provides control sap.ui.commons.Carousel.",
      "size" : 26691,
      "compressedSize" : 11594,
      "required" : ["jquery.sap.global.js", "sap/ui/commons/CarouselRenderer.js", "sap/ui/commons/library.js", "sap/ui/core/Control.js", "sap/ui/core/ResizeHandler.js", "sap/ui/core/delegate/ItemNavigation.js", "ui5loader-autoconfig.js"],
      "includes" : []
    },
    {
      "name" : "sap/ui/commons/CarouselRenderer.js",
      "description" : "Provides default renderer for control sap.ui.commons.Carousel",
      "size" : 5125,
      "compressedSize" : 3018,
      "required" : ["jquery.sap.global.js", "ui5loader-autoconfig.js"],
      "includes" : []
    },
    {
      "name" : "sap/ui/commons/CheckBox.js",
      "description" : "Provides control sap.ui.commons.CheckBox.",
      "size" : 7358,
      "compressedSize" : 2269,
      "required" : ["jquery.sap.global.js", "sap/ui/commons/CheckBoxRenderer.js", "sap/ui/commons/library.js", "sap/ui/core/Control.js", "ui5loader-autoconfig.js"],
      "includes" : []
    },
    {
      "name" : "sap/ui/commons/CheckBoxRenderer.js",
      "description" : "Provides default renderer for control sap.ui.commons.CheckBox",
      "size" : 4942,
      "compressedSize" : 2171,
      "required" : ["jquery.sap.global.js", "sap/ui/core/ValueStateSupport.js", "ui5loader-autoconfig.js"],
      "includes" : []
    },
    {
      "name" : "sap/ui/commons/ColorPicker.js",
      "description" : "Provides control sap.ui.commons.ColorPicker.",
      "size" : 1620,
      "compressedSize" : 642,
      "required" : ["jquery.sap.global.js", "sap/ui/commons/library.js", "sap/ui/core/Control.js", "sap/ui/unified/ColorPicker.js", "ui5loader-autoconfig.js"],
      "includes" : []
    },
    {
      "name" : "sap/ui/commons/ComboBox.js",
      "description" : "Provides control sap.ui.commons.ComboBox.",
      "size" : 57185,
      "compressedSize" : 23719,
      "required" : ["jquery.sap.global.js", "jquery.sap.strings.js", "sap/ui/commons/ComboBoxRenderer.js", "sap/ui/commons/TextField.js", "sap/ui/commons/library.js", "sap/ui/core/Popup.js", "ui5loader-autoconfig.js"],
      "includes" : []
    },
    {
      "name" : "sap/ui/commons/ComboBoxRenderer.js",
      "description" : "Provides default renderer for control sap.ui.commons.ComboBox",
      "size" : 6315,
      "compressedSize" : 2710,
      "required" : ["jquery.sap.global.js", "sap/ui/commons/TextFieldRenderer.js", "sap/ui/core/Renderer.js", "ui5loader-autoconfig.js"],
      "includes" : []
    },
    {
      "name" : "sap/ui/commons/DatePicker.js",
      "description" : "Provides control sap.ui.commons.DatePicker.",
      "size" : 23514,
      "compressedSize" : 11315,
      "required" : ["jquery.sap.global.js", "sap/ui/commons/DatePickerRenderer.js", "sap/ui/commons/TextField.js", "sap/ui/commons/library.js", "sap/ui/core/Popup.js", "sap/ui/core/date/UniversalDate.js", "sap/ui/model/type/Date.js", "sap/ui/unified/library.js", "ui5loader-autoconfig.js"],
      "includes" : []
    },
    {
      "name" : "sap/ui/commons/DatePickerRenderer.js",
      "description" : "Provides default renderer for control sap.ui.commons.DatePicker",
      "size" : 5688,
      "compressedSize" : 1560,
      "required" : ["jquery.sap.global.js", "sap/ui/commons/TextFieldRenderer.js", "ui5loader-autoconfig.js"],
      "includes" : []
    },
    {
      "name" : "sap/ui/commons/Dialog.js",
      "description" : "Provides control sap.ui.commons.Dialog.",
      "size" : 33319,
      "compressedSize" : 11481,
      "required" : ["jquery.sap.global.js", "sap/ui/commons/DialogRenderer.js", "sap/ui/commons/library.js", "sap/ui/core/Control.js", "sap/ui/core/Popup.js", "sap/ui/core/RenderManager.js", "ui5loader-autoconfig.js"],
      "includes" : []
    },
    {
      "name" : "sap/ui/commons/DialogRenderer.js",
      "description" : "Provides default renderer for control sap.ui.commons.Dialog",
      "size" : 4949,
      "compressedSize" : 2966,
      "required" : ["jquery.sap.global.js", "ui5loader-autoconfig.js"],
      "includes" : []
    },
    {
      "name" : "sap/ui/commons/DropdownBox.js",
      "description" : "Provides control sap.ui.commons.DropdownBox.",
      "size" : 56259,
      "compressedSize" : 22541,
      "required" : ["jquery.sap.global.js", "sap/ui/commons/ComboBox.js", "sap/ui/commons/DropdownBoxRenderer.js", "sap/ui/commons/library.js", "sap/ui/core/History.js", "sap/ui/core/SeparatorItem.js", "ui5loader-autoconfig.js"],
      "includes" : []
    },
    {
      "name" : "sap/ui/commons/DropdownBoxRenderer.js",
      "description" : "Provides default renderer for control sap.ui.commons.DropdownBox",
      "size" : 3328,
      "compressedSize" : 1334,
      "required" : ["jquery.sap.global.js", "sap/ui/commons/ComboBoxRenderer.js", "ui5loader-autoconfig.js"],
      "includes" : []
    },
    {
      "name" : "sap/ui/commons/FileUploader.js",
      "description" : "Provides control sap.ui.commons.FileUploader.",
      "size" : 1841,
      "compressedSize" : 602,
      "required" : ["jquery.sap.global.js", "sap/ui/commons/FileUploaderRenderer.js", "sap/ui/commons/library.js", "sap/ui/unified/FileUploader.js", "ui5loader-autoconfig.js"],
      "includes" : []
    },
    {
      "name" : "sap/ui/commons/FileUploaderParameter.js",
      "description" : "Provides control sap.ui.commons.FileUploaderParameter.",
      "size" : 1654,
      "compressedSize" : 602,
      "required" : ["jquery.sap.global.js", "sap/ui/commons/library.js", "sap/ui/unified/FileUploaderParameter.js", "ui5loader-autoconfig.js"],
      "includes" : []
    },
    {
      "name" : "sap/ui/commons/FileUploaderRenderer.js",
      "description" : "Provides default renderer for control sap.ui.commons.FileUploader",
      "size" : 551,
      "compressedSize" : 348,
      "required" : ["jquery.sap.global.js", "sap/ui/core/Renderer.js", "sap/ui/unified/FileUploaderRenderer.js", "ui5loader-autoconfig.js"],
      "includes" : []
    },
    {
      "name" : "sap/ui/commons/FormattedTextView.js",
      "description" : "Provides control sap.ui.commons.FormattedTextView.",
      "size" : 7388,
      "compressedSize" : 2207,
      "required" : ["jquery.sap.global.js", "sap/ui/commons/FormattedTextViewRenderer.js", "sap/ui/commons/library.js", "sap/ui/core/Control.js", "ui5loader-autoconfig.js"],
      "includes" : []
    },
    {
      "name" : "sap/ui/commons/FormattedTextViewRenderer.js",
      "description" : "! UI development toolkit for HTML5 (OpenUI5) (c) Copyright 2009-2018 SAP SE or an SAP affiliate company. Licensed under the Apache License, Version 2.0 - see LICENSE.txt.",
      "size" : 2963,
      "compressedSize" : 1090,
      "required" : ["jquery.sap.global.js", "ui5loader-autoconfig.js"],
      "includes" : []
    },
    {
      "name" : "sap/ui/commons/HorizontalDivider.js",
      "description" : "Provides control sap.ui.commons.HorizontalDivider.",
      "size" : 1795,
      "compressedSize" : 769,
      "required" : ["jquery.sap.global.js", "sap/ui/commons/HorizontalDividerRenderer.js", "sap/ui/commons/library.js", "sap/ui/core/Control.js", "ui5loader-autoconfig.js"],
      "includes" : []
    },
    {
      "name" : "sap/ui/commons/HorizontalDividerRenderer.js",
      "description" : "Provides default renderer for control sap.ui.commons.HorizontalDivider",
      "size" : 1656,
      "compressedSize" : 862,
      "required" : ["jquery.sap.global.js", "ui5loader-autoconfig.js"],
      "includes" : []
    },
    {
      "name" : "sap/ui/commons/Image.js",
      "description" : "Provides control sap.ui.commons.Image.",
      "size" : 3827,
      "compressedSize" : 1086,
      "required" : ["jquery.sap.global.js", "sap/ui/commons/ImageRenderer.js", "sap/ui/commons/library.js", "sap/ui/core/Control.js", "ui5loader-autoconfig.js"],
      "includes" : []
    },
    {
      "name" : "sap/ui/commons/ImageMap.js",
      "description" : "Provides control sap.ui.commons.ImageMap.",
      "size" : 4746,
      "compressedSize" : 2017,
      "required" : ["jquery.sap.global.js", "sap/ui/commons/ImageMapRenderer.js", "sap/ui/commons/library.js", "sap/ui/core/Control.js", "sap/ui/core/delegate/ItemNavigation.js", "ui5loader-autoconfig.js"],
      "includes" : []
    },
    {
      "name" : "sap/ui/commons/ImageMapRenderer.js",
      "description" : "! UI development toolkit for HTML5 (OpenUI5) (c) Copyright 2009-2018 SAP SE or an SAP affiliate company. Licensed under the Apache License, Version 2.0 - see LICENSE.txt.",
      "size" : 2887,
      "compressedSize" : 1451,
      "required" : ["jquery.sap.global.js", "ui5loader-autoconfig.js"],
      "includes" : []
    },
    {
      "name" : "sap/ui/commons/ImageRenderer.js",
      "description" : "Provides default renderer for control sap.ui.commons.Image",
      "size" : 2989,
      "compressedSize" : 1204,
      "required" : ["jquery.sap.global.js", "ui5loader-autoconfig.js"],
      "includes" : []
    },
    {
      "name" : "sap/ui/commons/InPlaceEdit.js",
      "description" : "Provides control sap.ui.commons.InPlaceEdit.",
      "size" : 31315,
      "compressedSize" : 13540,
      "required" : ["jquery.sap.global.js", "sap/ui/commons/InPlaceEditRenderer.js", "sap/ui/commons/TextField.js", "sap/ui/commons/TextView.js", "sap/ui/commons/library.js", "sap/ui/core/Control.js", "sap/ui/core/ValueStateSupport.js", "sap/ui/core/theming/Parameters.js", "ui5loader-autoconfig.js"],
      "includes" : []
    },
    {
      "name" : "sap/ui/commons/InPlaceEditRenderer.js",
      "description" : "! UI development toolkit for HTML5 (OpenUI5) (c) Copyright 2009-2018 SAP SE or an SAP affiliate company. Licensed under the Apache License, Version 2.0 - see LICENSE.txt.",
      "size" : 4541,
      "compressedSize" : 2468,
      "required" : ["jquery.sap.global.js", "ui5loader-autoconfig.js"],
      "includes" : []
    },
    {
      "name" : "sap/ui/commons/Label.js",
      "description" : "Provides control sap.ui.commons.Label.",
      "size" : 6343,
      "compressedSize" : 2309,
      "required" : ["jquery.sap.global.js", "sap/ui/commons/LabelRenderer.js", "sap/ui/commons/library.js", "sap/ui/core/Control.js", "sap/ui/core/LabelEnablement.js", "sap/ui/core/Popup.js", "ui5loader-autoconfig.js"],
      "includes" : []
    },
    {
      "name" : "sap/ui/commons/LabelRenderer.js",
      "description" : "Provides default renderer for control sap.ui.commons.Label",
      "size" : 3545,
      "compressedSize" : 1629,
      "required" : ["sap/ui/core/Renderer.js", "ui5loader-autoconfig.js"],
      "includes" : []
    },
    {
      "name" : "sap/ui/commons/Link.js",
      "description" : "Provides control sap.ui.commons.Link.",
      "size" : 5476,
      "compressedSize" : 1975,
      "required" : ["jquery.sap.global.js", "sap/ui/commons/LinkRenderer.js", "sap/ui/commons/library.js", "sap/ui/core/Control.js", "sap/ui/core/EnabledPropagator.js", "sap/ui/core/LabelEnablement.js", "ui5loader-autoconfig.js"],
      "includes" : []
    },
    {
      "name" : "sap/ui/commons/LinkRenderer.js",
      "description" : "Provides default renderer for control sap.ui.commons.Link",
      "size" : 1858,
      "compressedSize" : 978,
      "required" : ["jquery.sap.global.js", "ui5loader-autoconfig.js"],
      "includes" : []
    },
    {
      "name" : "sap/ui/commons/ListBox.js",
      "description" : "Provides control sap.ui.commons.ListBox.",
      "size" : 47259,
      "compressedSize" : 17914,
      "required" : ["jquery.sap.global.js", "jquery.sap.strings.js", "sap/ui/commons/ListBoxRenderer.js", "sap/ui/commons/library.js", "sap/ui/core/Control.js", "sap/ui/core/delegate/ItemNavigation.js", "ui5loader-autoconfig.js"],
      "includes" : []
    },
    {
      "name" : "sap/ui/commons/ListBoxRenderer.js",
      "description" : "Provides default renderer for control sap.ui.commons.ListBox",
      "size" : 11161,
      "compressedSize" : 4673,
      "required" : ["jquery.sap.global.js", "jquery.sap.strings.js", "sap/ui/core/IconPool.js", "sap/ui/core/Renderer.js", "ui5loader-autoconfig.js"],
      "includes" : []
    },
    {
      "name" : "sap/ui/commons/Menu.js",
      "description" : "Provides control sap.ui.commons.Menu.",
      "size" : 1629,
      "compressedSize" : 466,
      "required" : ["jquery.sap.global.js", "sap/ui/commons/MenuItemBase.js", "sap/ui/commons/MenuRenderer.js", "sap/ui/commons/library.js", "sap/ui/unified/Menu.js", "ui5loader-autoconfig.js"],
      "includes" : []
    },
    {
      "name" : "sap/ui/commons/MenuBar.js",
      "description" : "Provides control sap.ui.commons.MenuBar.",
      "size" : 16369,
      "compressedSize" : 7147,
      "required" : ["jquery.sap.global.js", "sap/ui/commons/Menu.js", "sap/ui/commons/MenuBarRenderer.js", "sap/ui/commons/MenuItem.js", "sap/ui/commons/MenuItemBase.js", "sap/ui/commons/library.js", "sap/ui/core/Control.js", "ui5loader-autoconfig.js"],
      "includes" : []
    },
    {
      "name" : "sap/ui/commons/MenuBarRenderer.js",
      "description" : "Provides default renderer for control sap.ui.commons.MenuBar",
      "size" : 3487,
      "compressedSize" : 2068,
      "required" : ["jquery.sap.global.js", "ui5loader-autoconfig.js"],
      "includes" : []
    },
    {
      "name" : "sap/ui/commons/MenuButton.js",
      "description" : "Provides control sap.ui.commons.MenuButton.",
      "size" : 9165,
      "compressedSize" : 2466,
      "required" : ["jquery.sap.global.js", "sap/ui/commons/Button.js", "sap/ui/commons/Menu.js", "sap/ui/commons/MenuButtonRenderer.js", "sap/ui/commons/MenuItemBase.js", "sap/ui/commons/library.js", "ui5loader-autoconfig.js"],
      "includes" : []
    },
    {
      "name" : "sap/ui/commons/MenuButtonRenderer.js",
      "description" : "Provides default renderer for control sap.ui.commons.MenuButton",
      "size" : 1879,
      "compressedSize" : 568,
      "required" : ["jquery.sap.global.js", "sap/ui/commons/ButtonRenderer.js", "sap/ui/core/Renderer.js", "ui5loader-autoconfig.js"],
      "includes" : []
    },
    {
      "name" : "sap/ui/commons/MenuItem.js",
      "description" : "Provides control sap.ui.commons.MenuItem.",
      "size" : 1477,
      "compressedSize" : 422,
      "required" : ["jquery.sap.global.js", "sap/ui/commons/MenuItemBase.js", "sap/ui/commons/library.js", "sap/ui/unified/MenuItem.js", "ui5loader-autoconfig.js"],
      "includes" : []
    },
    {
      "name" : "sap/ui/commons/MenuItemBase.js",
      "description" : "! UI development toolkit for HTML5 (OpenUI5) (c) Copyright 2009-2018 SAP SE or an SAP affiliate company. Licensed under the Apache License, Version 2.0 - see LICENSE.txt.",
      "size" : 1402,
      "compressedSize" : 521,
      "required" : ["jquery.sap.global.js", "sap/ui/unified/MenuItemBase.js", "ui5loader-autoconfig.js"],
      "includes" : []
    },
    {
      "name" : "sap/ui/commons/MenuRenderer.js",
      "description" : "Provides default renderer for control sap.ui.commons.Menu",
      "size" : 503,
      "compressedSize" : 340,
      "required" : ["jquery.sap.global.js", "sap/ui/core/Renderer.js", "sap/ui/unified/MenuRenderer.js", "ui5loader-autoconfig.js"],
      "includes" : []
    },
    {
      "name" : "sap/ui/commons/MenuTextFieldItem.js",
      "description" : "Provides control sap.ui.commons.MenuTextFieldItem.",
      "size" : 1684,
      "compressedSize" : 440,
      "required" : ["jquery.sap.global.js", "sap/ui/commons/MenuItemBase.js", "sap/ui/commons/library.js", "sap/ui/unified/MenuTextFieldItem.js", "ui5loader-autoconfig.js"],
      "includes" : []
    },
    {
      "name" : "sap/ui/commons/Message.js",
      "description" : "Provides control sap.ui.commons.Message.",
      "size" : 10305,
      "compressedSize" : 3233,
      "required" : ["jquery.sap.global.js", "sap/ui/commons/Dialog.js", "sap/ui/commons/MessageRenderer.js", "sap/ui/commons/library.js", "sap/ui/core/Control.js", "ui5loader-autoconfig.js"],
      "includes" : []
    },
    {
      "name" : "sap/ui/commons/MessageBar.js",
      "description" : "Provides control sap.ui.commons.MessageBar.",
      "size" : 25977,
      "compressedSize" : 9924,
      "required" : ["jquery.sap.global.js", "sap/ui/commons/MessageBarRenderer.js", "sap/ui/commons/MessageList.js", "sap/ui/commons/MessageToast.js", "sap/ui/commons/library.js", "sap/ui/core/Control.js", "sap/ui/core/Popup.js", "ui5loader-autoconfig.js"],
      "includes" : []
    },
    {
      "name" : "sap/ui/commons/MessageBarRenderer.js",
      "description" : "Provides default renderer for control sap.ui.commons.MessageBar",
      "size" : 3033,
      "compressedSize" : 1322,
      "required" : ["jquery.sap.global.js", "sap/ui/core/Popup.js", "ui5loader-autoconfig.js"],
      "includes" : []
    },
    {
      "name" : "sap/ui/commons/MessageBox.js",
      "description" : "Provides class sap.ui.commons.MessageBox",
      "size" : 11547,
      "compressedSize" : 2397,
      "required" : ["jquery.sap.global.js", "sap/ui/commons/Button.js", "sap/ui/commons/Dialog.js", "sap/ui/commons/Image.js", "sap/ui/commons/TextView.js", "sap/ui/commons/layout/MatrixLayout.js", "sap/ui/commons/layout/MatrixLayoutCell.js", "sap/ui/commons/library.js", "sap/ui/core/Control.js", "sap/ui/core/ElementMetadata.js", "sap/ui/core/library.js", "ui5loader-autoconfig.js"],
      "includes" : []
    },
    {
      "name" : "sap/ui/commons/MessageList.js",
      "description" : "Provides control sap.ui.commons.MessageList.",
      "size" : 6472,
      "compressedSize" : 1986,
      "required" : ["jquery.sap.global.js", "sap/ui/commons/MessageListRenderer.js", "sap/ui/commons/library.js", "sap/ui/core/Control.js", "sap/ui/core/Popup.js", "ui5loader-autoconfig.js"],
      "includes" : []
    },
    {
      "name" : "sap/ui/commons/MessageListRenderer.js",
      "description" : "Provides default renderer for control sap.ui.commons.MessageList",
      "size" : 1461,
      "compressedSize" : 525,
      "required" : ["jquery.sap.global.js", "ui5loader-autoconfig.js"],
      "includes" : []
    },
    {
      "name" : "sap/ui/commons/MessageRenderer.js",
      "description" : "Provides default renderer for control sap.ui.commons.Message",
      "size" : 2308,
      "compressedSize" : 896,
      "required" : ["jquery.sap.global.js", "ui5loader-autoconfig.js"],
      "includes" : []
    },
    {
      "name" : "sap/ui/commons/MessageToast.js",
      "description" : "Provides control sap.ui.commons.MessageToast.",
      "size" : 8664,
      "compressedSize" : 2351,
      "required" : ["jquery.sap.global.js", "sap/ui/commons/MessageToastRenderer.js", "sap/ui/commons/library.js", "sap/ui/core/Control.js", "sap/ui/thirdparty/jqueryui/jquery-ui-core.js", "ui5loader-autoconfig.js"],
      "includes" : []
    },
    {
      "name" : "sap/ui/commons/MessageToastRenderer.js",
      "description" : "Provides default renderer for control sap.ui.commons.MessageToast",
      "size" : 2174,
      "compressedSize" : 784,
      "required" : ["jquery.sap.global.js", "ui5loader-autoconfig.js"],
      "includes" : []
    },
    {
      "name" : "sap/ui/commons/Paginator.js",
      "description" : "Provides control sap.ui.commons.Paginator.",
      "size" : 14138,
      "compressedSize" : 4805,
      "required" : ["jquery.sap.global.js", "sap/ui/commons/PaginatorRenderer.js", "sap/ui/commons/library.js", "sap/ui/core/Control.js", "ui5loader-autoconfig.js"],
      "includes" : []
    },
    {
      "name" : "sap/ui/commons/PaginatorRenderer.js",
      "description" : "Provides default renderer for control sap.ui.commons.Paginator",
      "size" : 7460,
      "compressedSize" : 3853,
      "required" : ["jquery.sap.encoder.js", "jquery.sap.global.js", "ui5loader-autoconfig.js"],
      "includes" : []
    },
    {
      "name" : "sap/ui/commons/Panel.js",
      "description" : "Provides control sap.ui.commons.Panel.",
      "size" : 23402,
      "compressedSize" : 8721,
      "required" : ["jquery.sap.global.js", "sap/ui/commons/PanelRenderer.js", "sap/ui/commons/library.js", "sap/ui/core/Control.js", "ui5loader-autoconfig.js"],
      "includes" : []
    },
    {
      "name" : "sap/ui/commons/PanelRenderer.js",
      "description" : "Provides default renderer for control sap.ui.commons.Panel",
      "size" : 7061,
      "compressedSize" : 3403,
      "required" : ["jquery.sap.global.js", "ui5loader-autoconfig.js"],
      "includes" : []
    },
    {
      "name" : "sap/ui/commons/PasswordField.js",
      "description" : "Provides control sap.ui.commons.PasswordField.",
      "size" : 2094,
      "compressedSize" : 833,
      "required" : ["jquery.sap.global.js", "sap/ui/commons/PasswordFieldRenderer.js", "sap/ui/commons/TextField.js", "sap/ui/commons/library.js", "ui5loader-autoconfig.js"],
      "includes" : []
    },
    {
      "name" : "sap/ui/commons/PasswordFieldRenderer.js",
      "description" : "! UI development toolkit for HTML5 (OpenUI5) (c) Copyright 2009-2018 SAP SE or an SAP affiliate company. Licensed under the Apache License, Version 2.0 - see LICENSE.txt.",
      "size" : 2682,
      "compressedSize" : 1166,
      "required" : ["jquery.sap.global.js", "sap/ui/commons/TextFieldRenderer.js", "ui5loader-autoconfig.js"],
      "includes" : []
    },
    {
      "name" : "sap/ui/commons/ProgressIndicator.js",
      "description" : "Provides control sap.ui.commons.ProgressIndicator.",
      "size" : 9347,
      "compressedSize" : 4129,
      "required" : ["jquery.sap.global.js", "sap/ui/commons/ProgressIndicatorRenderer.js", "sap/ui/commons/library.js", "sap/ui/core/Control.js", "ui5loader-autoconfig.js"],
      "includes" : []
    },
    {
      "name" : "sap/ui/commons/ProgressIndicatorRenderer.js",
      "description" : "Provides default renderer for control sap.ui.commons.ProgressIndicator",
      "size" : 3977,
      "compressedSize" : 2217,
      "required" : ["jquery.sap.global.js", "ui5loader-autoconfig.js"],
      "includes" : []
    },
    {
      "name" : "sap/ui/commons/RadioButton.js",
      "description" : "Provides control sap.ui.commons.RadioButton.",
      "size" : 10288,
      "compressedSize" : 3587,
      "required" : ["jquery.sap.global.js", "sap/ui/commons/RadioButtonRenderer.js", "sap/ui/commons/library.js", "sap/ui/core/Control.js", "ui5loader-autoconfig.js"],
      "includes" : []
    },
    {
      "name" : "sap/ui/commons/RadioButtonGroup.js",
      "description" : "Provides control sap.ui.commons.RadioButtonGroup.",
      "size" : 19275,
      "compressedSize" : 8594,
      "required" : ["jquery.sap.global.js", "sap/ui/commons/RadioButtonGroupRenderer.js", "sap/ui/commons/library.js", "sap/ui/core/Control.js", "sap/ui/core/delegate/ItemNavigation.js", "ui5loader-autoconfig.js"],
      "includes" : []
    },
    {
      "name" : "sap/ui/commons/RadioButtonGroupRenderer.js",
      "description" : "Provides default renderer for control sap.ui.commons.RadioButtonGroup",
      "size" : 3160,
      "compressedSize" : 1397,
      "required" : ["ui5loader-autoconfig.js"],
      "includes" : []
    },
    {
      "name" : "sap/ui/commons/RadioButtonRenderer.js",
      "description" : "Provides default renderer for control sap.ui.commons.RadioButton",
      "size" : 5462,
      "compressedSize" : 2600,
      "required" : ["jquery.sap.global.js", "sap/ui/core/ValueStateSupport.js", "ui5loader-autoconfig.js"],
      "includes" : []
    },
    {
      "name" : "sap/ui/commons/RangeSlider.js",
      "description" : "Provides control sap.ui.commons.RangeSlider.",
      "size" : 17057,
      "compressedSize" : 7382,
      "required" : ["jquery.sap.global.js", "sap/ui/commons/RangeSliderRenderer.js", "sap/ui/commons/Slider.js", "sap/ui/commons/library.js", "ui5loader-autoconfig.js"],
      "includes" : []
    },
    {
      "name" : "sap/ui/commons/RangeSliderRenderer.js",
      "description" : "Provides default renderer for control sap.ui.commons.RangeSlider",
      "size" : 3368,
      "compressedSize" : 1571,
      "required" : ["jquery.sap.global.js", "sap/ui/commons/SliderRenderer.js", "sap/ui/core/Renderer.js", "ui5loader-autoconfig.js"],
      "includes" : []
    },
    {
      "name" : "sap/ui/commons/RatingIndicator.js",
      "description" : "Provides control sap.ui.commons.RatingIndicator.",
      "size" : 14438,
      "compressedSize" : 5514,
      "required" : ["jquery.sap.global.js", "sap/ui/commons/RatingIndicatorRenderer.js", "sap/ui/commons/library.js", "sap/ui/core/Control.js", "sap/ui/core/theming/Parameters.js", "ui5loader-autoconfig.js"],
      "includes" : []
    },
    {
      "name" : "sap/ui/commons/RatingIndicatorRenderer.js",
      "description" : "Provides default renderer for control sap.ui.commons.RatingIndicator",
      "size" : 5946,
      "compressedSize" : 2698,
      "required" : ["jquery.sap.global.js", "ui5loader-autoconfig.js"],
      "includes" : []
    },
    {
      "name" : "sap/ui/commons/ResponsiveContainer.js",
      "description" : "Provides control sap.ui.commons.ResponsiveContainer.",
      "size" : 5925,
      "compressedSize" : 2324,
      "required" : ["jquery.sap.global.js", "sap/ui/commons/ResponsiveContainerRenderer.js", "sap/ui/commons/library.js", "sap/ui/core/Control.js", "sap/ui/core/ResizeHandler.js", "ui5loader-autoconfig.js"],
      "includes" : []
    },
    {
      "name" : "sap/ui/commons/ResponsiveContainerRange.js",
      "description" : "Provides control sap.ui.commons.ResponsiveContainerRange.",
      "size" : 1862,
      "compressedSize" : 667,
      "required" : ["jquery.sap.global.js", "sap/ui/commons/library.js", "sap/ui/core/Element.js", "ui5loader-autoconfig.js"],
      "includes" : []
    },
    {
      "name" : "sap/ui/commons/ResponsiveContainerRenderer.js",
      "description" : "Provides default renderer for control sap.ui.commons.ResponsiveContainer",
      "size" : 1874,
      "compressedSize" : 856,
      "required" : ["jquery.sap.global.js", "ui5loader-autoconfig.js"],
      "includes" : []
    },
    {
      "name" : "sap/ui/commons/RichTooltip.js",
      "description" : "Provides control sap.ui.commons.RichTooltip.",
      "size" : 6544,
      "compressedSize" : 2514,
      "required" : ["jquery.sap.global.js", "sap/ui/commons/RichTooltipRenderer.js", "sap/ui/commons/library.js", "sap/ui/core/TooltipBase.js", "ui5loader-autoconfig.js"],
      "includes" : []
    },
    {
      "name" : "sap/ui/commons/RichTooltipRenderer.js",
      "description" : "Provides default renderer for control sap.ui.commons.RichTooltip",
      "size" : 4002,
      "compressedSize" : 1993,
      "required" : ["jquery.sap.global.js", "sap/ui/core/ValueStateSupport.js", "ui5loader-autoconfig.js"],
      "includes" : []
    },
    {
      "name" : "sap/ui/commons/RoadMap.js",
      "description" : "Provides control sap.ui.commons.RoadMap.",
      "size" : 15504,
      "compressedSize" : 6596,
      "required" : ["jquery.sap.global.js", "sap/ui/commons/RoadMapRenderer.js", "sap/ui/commons/library.js", "sap/ui/core/Control.js", "ui5loader-autoconfig.js"],
      "includes" : []
    },
    {
      "name" : "sap/ui/commons/RoadMapRenderer.js",
      "description" : "Provides default renderer for control sap.ui.commons.RoadMap",
      "size" : 30042,
      "compressedSize" : 11983,
      "required" : ["jquery.sap.global.js", "ui5loader-autoconfig.js"],
      "includes" : []
    },
    {
      "name" : "sap/ui/commons/RoadMapStep.js",
      "description" : "Provides control sap.ui.commons.RoadMapStep.",
      "size" : 7984,
      "compressedSize" : 3355,
      "required" : ["jquery.sap.global.js", "sap/ui/commons/library.js", "sap/ui/core/Element.js", "ui5loader-autoconfig.js"],
      "includes" : []
    },
    {
      "name" : "sap/ui/commons/RowRepeater.js",
      "description" : "Provides control sap.ui.commons.RowRepeater.",
      "size" : 43556,
      "compressedSize" : 17444,
      "required" : ["jquery.sap.global.js", "sap/ui/commons/RowRepeaterRenderer.js", "sap/ui/commons/library.js", "sap/ui/core/Control.js", "ui5loader-autoconfig.js"],
      "includes" : []
    },
    {
      "name" : "sap/ui/commons/RowRepeaterFilter.js",
      "description" : "Provides control sap.ui.commons.RowRepeaterFilter.",
      "size" : 1924,
      "compressedSize" : 576,
      "required" : ["jquery.sap.global.js", "sap/ui/commons/library.js", "sap/ui/core/Element.js", "ui5loader-autoconfig.js"],
      "includes" : []
    },
    {
      "name" : "sap/ui/commons/RowRepeaterRenderer.js",
      "description" : "Provides default renderer for control sap.ui.commons.RowRepeater",
      "size" : 10524,
      "compressedSize" : 3743,
      "required" : ["jquery.sap.global.js", "sap/ui/commons/Button.js", "sap/ui/commons/Paginator.js", "sap/ui/commons/Toolbar.js", "ui5loader-autoconfig.js"],
      "includes" : []
    },
    {
      "name" : "sap/ui/commons/RowRepeaterSorter.js",
      "description" : "Provides control sap.ui.commons.RowRepeaterSorter.",
      "size" : 1915,
      "compressedSize" : 575,
      "required" : ["jquery.sap.global.js", "sap/ui/commons/library.js", "sap/ui/core/Element.js", "ui5loader-autoconfig.js"],
      "includes" : []
    },
    {
      "name" : "sap/ui/commons/SearchField.js",
      "description" : "Provides control sap.ui.commons.SearchField.",
      "size" : 30125,
      "compressedSize" : 15971,
      "required" : ["jquery.sap.dom.js", "jquery.sap.global.js", "sap/ui/commons/Button.js", "sap/ui/commons/ComboBox.js", "sap/ui/commons/ComboBoxRenderer.js", "sap/ui/commons/ListBox.js", "sap/ui/commons/SearchFieldRenderer.js", "sap/ui/commons/TextField.js", "sap/ui/commons/TextFieldRenderer.js", "sap/ui/commons/library.js", "sap/ui/core/Control.js", "sap/ui/core/History.js", "sap/ui/core/Renderer.js", "ui5loader-autoconfig.js"],
      "includes" : []
    },
    {
      "name" : "sap/ui/commons/SearchFieldRenderer.js",
      "description" : "Provides default renderer for control sap.ui.commons.SearchField",
      "size" : 2208,
      "compressedSize" : 1040,
      "required" : ["jquery.sap.global.js", "ui5loader-autoconfig.js"],
      "includes" : []
    },
    {
      "name" : "sap/ui/commons/SearchProvider.js",
      "description" : "Provides control sap.ui.commons.SearchProvider.",
      "size" : 1634,
      "compressedSize" : 527,
      "required" : ["jquery.sap.global.js", "sap/ui/commons/library.js", "sap/ui/core/search/OpenSearchProvider.js", "ui5loader-autoconfig.js"],
      "includes" : []
    },
    {
      "name" : "sap/ui/commons/SegmentedButton.js",
      "description" : "Provides control sap.ui.commons.SegmentedButton.",
      "size" : 8430,
      "compressedSize" : 4493,
      "required" : ["jquery.sap.global.js", "sap/ui/commons/SegmentedButtonRenderer.js", "sap/ui/core/Control.js", "sap/ui/core/delegate/ItemNavigation.js", "ui5loader-autoconfig.js"],
      "includes" : []
    },
    {
      "name" : "sap/ui/commons/SegmentedButtonRenderer.js",
      "description" : "! UI development toolkit for HTML5 (OpenUI5) (c) Copyright 2009-2018 SAP SE or an SAP affiliate company. Licensed under the Apache License, Version 2.0 - see LICENSE.txt.",
      "size" : 2098,
      "compressedSize" : 1030,
      "required" : ["jquery.sap.global.js", "ui5loader-autoconfig.js"],
      "includes" : []
    },
    {
      "name" : "sap/ui/commons/Slider.js",
      "description" : "Provides control sap.ui.commons.Slider.",
      "size" : 46960,
      "compressedSize" : 20542,
      "required" : ["jquery.sap.global.js", "sap/ui/commons/SliderRenderer.js", "sap/ui/commons/library.js", "sap/ui/core/Control.js", "sap/ui/core/EnabledPropagator.js", "sap/ui/core/ResizeHandler.js", "ui5loader-autoconfig.js"],
      "includes" : []
    },
    {
      "name" : "sap/ui/commons/SliderRenderer.js",
      "description" : "Provides default renderer for control sap.ui.commons.Slider",
      "size" : 5579,
      "compressedSize" : 2783,
      "required" : ["jquery.sap.global.js", "ui5loader-autoconfig.js"],
      "includes" : []
    },
    {
      "name" : "sap/ui/commons/Splitter.js",
      "description" : "Provides control sap.ui.commons.Splitter.",
      "size" : 23246,
      "compressedSize" : 11255,
      "required" : ["jquery.sap.events.js", "jquery.sap.global.js", "jquery.sap.keycodes.js", "sap/ui/commons/SplitterRenderer.js", "sap/ui/commons/library.js", "sap/ui/core/Control.js", "sap/ui/core/Popup.js", "sap/ui/core/ResizeHandler.js", "sap/ui/core/delegate/ItemNavigation.js", "ui5loader-autoconfig.js"],
      "includes" : []
    },
    {
      "name" : "sap/ui/commons/SplitterRenderer.js",
      "description" : "Provides default renderer for control sap.ui.commons.Splitter",
      "size" : 4309,
      "compressedSize" : 2205,
      "required" : ["jquery.sap.global.js", "ui5loader-autoconfig.js"],
      "includes" : []
    },
    {
      "name" : "sap/ui/commons/Tab.js",
      "description" : "Provides control sap.ui.commons.Tab.",
      "size" : 7261,
      "compressedSize" : 2594,
      "required" : ["jquery.sap.global.js", "sap/ui/commons/Panel.js", "sap/ui/commons/library.js", "ui5loader-autoconfig.js"],
      "includes" : []
    },
    {
      "name" : "sap/ui/commons/TabStrip.js",
      "description" : "Provides control sap.ui.commons.TabStrip.",
      "size" : 33991,
      "compressedSize" : 15845,
      "required" : ["jquery.sap.global.js", "sap/ui/Device.js", "sap/ui/commons/TabStripRenderer.js", "sap/ui/commons/library.js", "sap/ui/core/Control.js", "sap/ui/core/Icon.js", "sap/ui/core/delegate/ItemNavigation.js", "sap/ui/core/delegate/ScrollEnablement.js", "ui5loader-autoconfig.js"],
      "includes" : []
    },
    {
      "name" : "sap/ui/commons/TabStripRenderer.js",
      "description" : "Provides default renderer for control sap.ui.commons.TabStrip",
      "size" : 6684,
      "compressedSize" : 3481,
      "required" : ["jquery.sap.global.js", "ui5loader-autoconfig.js"],
      "includes" : []
    },
    {
      "name" : "sap/ui/commons/TextArea.js",
      "description" : "Provides control sap.ui.commons.TextArea.",
      "size" : 10971,
      "compressedSize" : 4394,
      "required" : ["jquery.sap.global.js", "sap/ui/commons/TextAreaRenderer.js", "sap/ui/commons/TextField.js", "sap/ui/commons/library.js", "ui5loader-autoconfig.js"],
      "includes" : []
    },
    {
      "name" : "sap/ui/commons/TextAreaRenderer.js",
      "description" : "Provides default renderer for control sap.ui.commons.TextArea",
      "size" : 3611,
      "compressedSize" : 1662,
      "required" : ["jquery.sap.global.js", "sap/ui/commons/TextFieldRenderer.js", "sap/ui/core/Renderer.js", "ui5loader-autoconfig.js"],
      "includes" : []
    },
    {
      "name" : "sap/ui/commons/TextField.js",
      "description" : "Provides control sap.ui.commons.TextField.",
      "size" : 26313,
      "compressedSize" : 10643,
      "required" : ["jquery.sap.global.js", "sap/ui/commons/TextFieldRenderer.js", "sap/ui/commons/library.js", "sap/ui/core/Control.js", "sap/ui/core/ValueStateSupport.js", "ui5loader-autoconfig.js"],
      "includes" : []
    },
    {
      "name" : "sap/ui/commons/TextFieldRenderer.js",
      "description" : "Provides default renderer for control sap.ui.commons.TextField",
      "size" : 12001,
      "compressedSize" : 6725,
      "required" : ["jquery.sap.global.js", "sap/ui/core/Renderer.js", "sap/ui/core/ValueStateSupport.js", "ui5loader-autoconfig.js"],
      "includes" : []
    },
    {
      "name" : "sap/ui/commons/TextView.js",
      "description" : "Provides control sap.ui.commons.TextView.",
      "size" : 4409,
      "compressedSize" : 1815,
      "required" : ["jquery.sap.global.js", "sap/ui/commons/TextViewRenderer.js", "sap/ui/commons/library.js", "sap/ui/core/Control.js", "ui5loader-autoconfig.js"],
      "includes" : []
    },
    {
      "name" : "sap/ui/commons/TextViewRenderer.js",
      "description" : "Provides default renderer for control sap.ui.commons.TextView",
      "size" : 5243,
      "compressedSize" : 2257,
      "required" : ["jquery.sap.global.js", "sap/ui/core/Renderer.js", "ui5loader-autoconfig.js"],
      "includes" : []
    },
    {
      "name" : "sap/ui/commons/Title.js",
      "description" : "Provides control sap.ui.commons.Title.",
      "size" : 2055,
      "compressedSize" : 394,
      "required" : ["jquery.sap.global.js", "sap/ui/commons/library.js", "sap/ui/core/Title.js", "ui5loader-autoconfig.js"],
      "includes" : []
    },
    {
      "name" : "sap/ui/commons/ToggleButton.js",
      "description" : "Provides control sap.ui.commons.ToggleButton.",
      "size" : 2966,
      "compressedSize" : 1338,
      "required" : ["jquery.sap.global.js", "sap/ui/commons/Button.js", "sap/ui/commons/ToggleButtonRenderer.js", "ui5loader-autoconfig.js"],
      "includes" : []
    },
    {
      "name" : "sap/ui/commons/ToggleButtonRenderer.js",
      "description" : "Provides default renderer for control sap.ui.commons.Togglebutton",
      "size" : 3171,
      "compressedSize" : 1242,
      "required" : ["jquery.sap.global.js", "sap/ui/commons/ButtonRenderer.js", "sap/ui/core/Renderer.js", "ui5loader-autoconfig.js"],
      "includes" : []
    },
    {
      "name" : "sap/ui/commons/Toolbar.js",
      "description" : "Provides control sap.ui.commons.Toolbar.",
      "size" : 33996,
      "compressedSize" : 13080,
      "required" : ["jquery.sap.global.js", "sap/ui/commons/ToolbarRenderer.js", "sap/ui/commons/library.js", "sap/ui/core/Control.js", "sap/ui/core/Popup.js", "sap/ui/core/delegate/ItemNavigation.js", "ui5loader-autoconfig.js"],
      "includes" : []
    },
    {
      "name" : "sap/ui/commons/ToolbarRenderer.js",
      "description" : "Provides default renderer for control sap.ui.commons.Toolbar",
      "size" : 9610,
      "compressedSize" : 3380,
      "required" : ["jquery.sap.global.js", "ui5loader-autoconfig.js"],
      "includes" : []
    },
    {
      "name" : "sap/ui/commons/ToolbarSeparator.js",
      "description" : "Provides control sap.ui.commons.ToolbarSeparator.",
      "size" : 1856,
      "compressedSize" : 665,
      "required" : ["jquery.sap.global.js", "sap/ui/commons/library.js", "sap/ui/core/Element.js", "ui5loader-autoconfig.js"],
      "includes" : []
    },
    {
      "name" : "sap/ui/commons/Tree.js",
      "description" : "Provides control sap.ui.commons.Tree.",
      "size" : 32525,
      "compressedSize" : 13136,
      "required" : ["jquery.sap.global.js", "sap/ui/commons/TreeRenderer.js", "sap/ui/commons/library.js", "sap/ui/core/Control.js", "ui5loader-autoconfig.js"],
      "includes" : []
    },
    {
      "name" : "sap/ui/commons/TreeNode.js",
      "description" : "Provides control sap.ui.commons.TreeNode.",
      "size" : 18007,
      "compressedSize" : 6260,
      "required" : ["jquery.sap.global.js", "sap/ui/commons/library.js", "sap/ui/core/CustomStyleClassSupport.js", "sap/ui/core/Element.js", "ui5loader-autoconfig.js"],
      "includes" : []
    },
    {
      "name" : "sap/ui/commons/TreeRenderer.js",
      "description" : "Provides default renderer for control sap.ui.commons.TreeRenderer",
      "size" : 6020,
      "compressedSize" : 3235,
      "required" : ["jquery.sap.global.js", "ui5loader-autoconfig.js"],
      "includes" : []
    },
    {
      "name" : "sap/ui/commons/TriStateCheckBox.js",
      "description" : "Provides control sap.ui.commons.TriStateCheckBox.",
      "size" : 5834,
      "compressedSize" : 1918,
      "required" : ["jquery.sap.global.js", "sap/ui/commons/TriStateCheckBoxRenderer.js", "sap/ui/commons/library.js", "sap/ui/core/Control.js", "ui5loader-autoconfig.js"],
      "includes" : []
    },
    {
      "name" : "sap/ui/commons/TriStateCheckBoxRenderer.js",
      "description" : "Provides default renderer for control sap.ui.commons.TriStateCheckBox",
      "size" : 4176,
      "compressedSize" : 1954,
      "required" : ["jquery.sap.global.js", "sap/ui/core/ValueStateSupport.js", "ui5loader-autoconfig.js"],
      "includes" : []
    },
    {
      "name" : "sap/ui/commons/ValueHelpField.js",
      "description" : "Provides control sap.ui.commons.ValueHelpField.",
      "size" : 6091,
      "compressedSize" : 3045,
      "required" : ["jquery.sap.global.js", "sap/ui/commons/TextField.js", "sap/ui/commons/ValueHelpFieldRenderer.js", "sap/ui/commons/library.js", "sap/ui/core/IconPool.js", "sap/ui/core/theming/Parameters.js", "ui5loader-autoconfig.js"],
      "includes" : []
    },
    {
      "name" : "sap/ui/commons/ValueHelpFieldRenderer.js",
      "description" : "Provides default renderer for control sap.ui.commons.ValueHelpField",
      "size" : 5718,
      "compressedSize" : 1171,
      "required" : ["jquery.sap.global.js", "sap/ui/commons/TextFieldRenderer.js", "ui5loader-autoconfig.js"],
      "includes" : []
    },
    {
      "name" : "sap/ui/commons/form/Form.js",
      "description" : "Provides control sap.ui.commons.form.Form.",
      "size" : 2138,
      "compressedSize" : 436,
      "required" : ["jquery.sap.global.js", "sap/ui/commons/form/FormRenderer.js", "sap/ui/commons/library.js", "sap/ui/layout/form/Form.js", "ui5loader-autoconfig.js"],
      "includes" : []
    },
    {
      "name" : "sap/ui/commons/form/FormContainer.js",
      "description" : "Provides control sap.ui.commons.form.FormContainer.",
      "size" : 2086,
      "compressedSize" : 435,
      "required" : ["jquery.sap.global.js", "sap/ui/commons/library.js", "sap/ui/layout/form/FormContainer.js", "ui5loader-autoconfig.js"],
      "includes" : []
    },
    {
      "name" : "sap/ui/commons/form/FormElement.js",
      "description" : "Provides control sap.ui.commons.form.FormElement.",
      "size" : 2120,
      "compressedSize" : 431,
      "required" : ["jquery.sap.global.js", "sap/ui/commons/library.js", "sap/ui/layout/form/FormElement.js", "ui5loader-autoconfig.js"],
      "includes" : []
    },
    {
      "name" : "sap/ui/commons/form/FormLayout.js",
      "description" : "Provides control sap.ui.commons.form.FormLayout.",
      "size" : 1434,
      "compressedSize" : 454,
      "required" : ["jquery.sap.global.js", "sap/ui/commons/form/FormLayoutRenderer.js", "sap/ui/commons/library.js", "sap/ui/layout/form/FormLayout.js", "ui5loader-autoconfig.js"],
      "includes" : []
    },
    {
      "name" : "sap/ui/commons/form/FormLayoutRenderer.js",
      "description" : "! UI development toolkit for HTML5 (OpenUI5) (c) Copyright 2009-2018 SAP SE or an SAP affiliate company. Licensed under the Apache License, Version 2.0 - see LICENSE.txt.",
      "size" : 476,
      "compressedSize" : 350,
      "required" : ["jquery.sap.global.js", "sap/ui/core/Renderer.js", "sap/ui/layout/form/FormLayoutRenderer.js", "ui5loader-autoconfig.js"],
      "includes" : []
    },
    {
      "name" : "sap/ui/commons/form/FormRenderer.js",
      "description" : "! UI development toolkit for HTML5 (OpenUI5) (c) Copyright 2009-2018 SAP SE or an SAP affiliate company. Licensed under the Apache License, Version 2.0 - see LICENSE.txt.",
      "size" : 446,
      "compressedSize" : 344,
      "required" : ["jquery.sap.global.js", "sap/ui/core/Renderer.js", "sap/ui/layout/form/FormRenderer.js", "ui5loader-autoconfig.js"],
      "includes" : []
    },
    {
      "name" : "sap/ui/commons/form/GridContainerData.js",
      "description" : "Provides control sap.ui.commons.form.GridContainerData.",
      "size" : 1690,
      "compressedSize" : 443,
      "required" : ["jquery.sap.global.js", "sap/ui/commons/library.js", "sap/ui/layout/form/GridContainerData.js", "ui5loader-autoconfig.js"],
      "includes" : []
    },
    {
      "name" : "sap/ui/commons/form/GridElementData.js",
      "description" : "Provides control sap.ui.commons.form.GridElementData.",
      "size" : 1640,
      "compressedSize" : 439,
      "required" : ["jquery.sap.global.js", "sap/ui/commons/library.js", "sap/ui/layout/form/GridElementData.js", "ui5loader-autoconfig.js"],
      "includes" : []
    },
    {
      "name" : "sap/ui/commons/form/GridLayout.js",
      "description" : "Provides control sap.ui.commons.form.GridLayout.",
      "size" : 1563,
      "compressedSize" : 454,
      "required" : ["jquery.sap.global.js", "sap/ui/commons/form/GridLayoutRenderer.js", "sap/ui/commons/library.js", "sap/ui/layout/form/GridLayout.js", "ui5loader-autoconfig.js"],
      "includes" : []
    },
    {
      "name" : "sap/ui/commons/form/GridLayoutRenderer.js",
      "description" : "! UI development toolkit for HTML5 (OpenUI5) (c) Copyright 2009-2018 SAP SE or an SAP affiliate company. Licensed under the Apache License, Version 2.0 - see LICENSE.txt.",
      "size" : 475,
      "compressedSize" : 350,
      "required" : ["jquery.sap.global.js", "sap/ui/core/Renderer.js", "sap/ui/layout/form/GridLayoutRenderer.js", "ui5loader-autoconfig.js"],
      "includes" : []
    },
    {
      "name" : "sap/ui/commons/form/ResponsiveLayout.js",
      "description" : "Provides control sap.ui.commons.form.ResponsiveLayout.",
      "size" : 1527,
      "compressedSize" : 472,
      "required" : ["jquery.sap.global.js", "sap/ui/commons/form/ResponsiveLayoutRenderer.js", "sap/ui/commons/library.js", "sap/ui/layout/form/ResponsiveLayout.js", "ui5loader-autoconfig.js"],
      "includes" : []
    },
    {
      "name" : "sap/ui/commons/form/ResponsiveLayoutRenderer.js",
      "description" : "! UI development toolkit for HTML5 (OpenUI5) (c) Copyright 2009-2018 SAP SE or an SAP affiliate company. Licensed under the Apache License, Version 2.0 - see LICENSE.txt.",
      "size" : 505,
      "compressedSize" : 356,
      "required" : ["jquery.sap.global.js", "sap/ui/core/Renderer.js", "sap/ui/layout/form/ResponsiveLayoutRenderer.js", "ui5loader-autoconfig.js"],
      "includes" : []
    },
    {
      "name" : "sap/ui/commons/form/SimpleForm.js",
      "description" : "Provides control sap.ui.commons.form.SimpleForm.",
      "size" : 2459,
      "compressedSize" : 454,
      "required" : ["jquery.sap.global.js", "sap/ui/commons/form/SimpleFormRenderer.js", "sap/ui/commons/library.js", "sap/ui/layout/form/SimpleForm.js", "ui5loader-autoconfig.js"],
      "includes" : []
    },
    {
      "name" : "sap/ui/commons/form/SimpleFormRenderer.js",
      "description" : "! UI development toolkit for HTML5 (OpenUI5) (c) Copyright 2009-2018 SAP SE or an SAP affiliate company. Licensed under the Apache License, Version 2.0 - see LICENSE.txt.",
      "size" : 475,
      "compressedSize" : 350,
      "required" : ["jquery.sap.global.js", "sap/ui/core/Renderer.js", "sap/ui/layout/form/SimpleFormRenderer.js", "ui5loader-autoconfig.js"],
      "includes" : []
    },
    {
      "name" : "sap/ui/commons/layout/AbsoluteLayout.js",
      "description" : "Provides control sap.ui.commons.layout.AbsoluteLayout.",
      "size" : 18344,
      "compressedSize" : 5658,
      "required" : ["jquery.sap.global.js", "sap/ui/commons/layout/AbsoluteLayoutRenderer.js", "sap/ui/commons/layout/PositionContainer.js", "sap/ui/commons/library.js", "sap/ui/core/Control.js", "ui5loader-autoconfig.js"],
      "includes" : []
    },
    {
      "name" : "sap/ui/commons/layout/AbsoluteLayoutRenderer.js",
      "description" : "Provides default renderer for control sap.ui.commons.layout.AbsoluteLayout",
      "size" : 5439,
      "compressedSize" : 2464,
      "required" : ["jquery.sap.global.js", "ui5loader-autoconfig.js"],
      "includes" : []
    },
    {
      "name" : "sap/ui/commons/layout/BorderLayout.js",
      "description" : "Provides control sap.ui.commons.layout.BorderLayout.",
      "size" : 11971,
      "compressedSize" : 2970,
      "required" : ["jquery.sap.global.js", "sap/ui/commons/layout/BorderLayoutRenderer.js", "sap/ui/commons/library.js", "sap/ui/core/Control.js", "ui5loader-autoconfig.js"],
      "includes" : []
    },
    {
      "name" : "sap/ui/commons/layout/BorderLayoutArea.js",
      "description" : "Provides control sap.ui.commons.layout.BorderLayoutArea.",
      "size" : 3464,
      "compressedSize" : 1456,
      "required" : ["jquery.sap.global.js", "sap/ui/commons/library.js", "sap/ui/core/CustomStyleClassSupport.js", "sap/ui/core/Element.js", "ui5loader-autoconfig.js"],
      "includes" : []
    },
    {
      "name" : "sap/ui/commons/layout/BorderLayoutRenderer.js",
      "description" : "Provides default renderer for control sap.ui.commons.layout.BorderLayout",
      "size" : 5981,
      "compressedSize" : 2851,
      "required" : ["jquery.sap.encoder.js", "jquery.sap.global.js", "ui5loader-autoconfig.js"],
      "includes" : []
    },
    {
      "name" : "sap/ui/commons/layout/HorizontalLayout.js",
      "description" : "Provides control sap.ui.commons.layout.HorizontalLayout.",
      "size" : 1426,
      "compressedSize" : 453,
      "required" : ["jquery.sap.global.js", "sap/ui/commons/layout/HorizontalLayoutRenderer.js", "sap/ui/commons/library.js", "sap/ui/layout/HorizontalLayout.js", "ui5loader-autoconfig.js"],
      "includes" : []
    },
    {
      "name" : "sap/ui/commons/layout/HorizontalLayoutRenderer.js",
      "description" : "! UI development toolkit for HTML5 (OpenUI5) (c) Copyright 2009-2018 SAP SE or an SAP affiliate company. Licensed under the Apache License, Version 2.0 - see LICENSE.txt.",
      "size" : 501,
      "compressedSize" : 351,
      "required" : ["jquery.sap.global.js", "sap/ui/core/Renderer.js", "sap/ui/layout/HorizontalLayoutRenderer.js", "ui5loader-autoconfig.js"],
      "includes" : []
    },
    {
      "name" : "sap/ui/commons/layout/MatrixLayout.js",
      "description" : "Provides control sap.ui.commons.layout.MatrixLayout.",
      "size" : 6110,
      "compressedSize" : 1593,
      "required" : ["jquery.sap.global.js", "sap/ui/commons/layout/MatrixLayoutCell.js", "sap/ui/commons/layout/MatrixLayoutRenderer.js", "sap/ui/commons/layout/MatrixLayoutRow.js", "sap/ui/commons/library.js", "sap/ui/core/Control.js", "sap/ui/core/EnabledPropagator.js", "ui5loader-autoconfig.js"],
      "includes" : []
    },
    {
      "name" : "sap/ui/commons/layout/MatrixLayoutCell.js",
      "description" : "Provides control sap.ui.commons.layout.MatrixLayoutCell.",
      "size" : 6111,
      "compressedSize" : 1073,
      "required" : ["jquery.sap.global.js", "sap/ui/commons/library.js", "sap/ui/core/CustomStyleClassSupport.js", "sap/ui/core/Element.js", "ui5loader-autoconfig.js"],
      "includes" : []
    },
    {
      "name" : "sap/ui/commons/layout/MatrixLayoutRenderer.js",
      "description" : "Provides default renderer for control sap.ui.commons.layout.MatrixLayout",
      "size" : 19820,
      "compressedSize" : 7950,
      "required" : ["jquery.sap.global.js", "ui5loader-autoconfig.js"],
      "includes" : []
    },
    {
      "name" : "sap/ui/commons/layout/MatrixLayoutRow.js",
      "description" : "Provides control sap.ui.commons.layout.MatrixLayoutRow.",
      "size" : 4401,
      "compressedSize" : 717,
      "required" : ["jquery.sap.global.js", "sap/ui/commons/library.js", "sap/ui/core/CustomStyleClassSupport.js", "sap/ui/core/Element.js", "ui5loader-autoconfig.js"],
      "includes" : []
    },
    {
      "name" : "sap/ui/commons/layout/PositionContainer.js",
      "description" : "Provides control sap.ui.commons.layout.PositionContainer.",
      "size" : 12395,
      "compressedSize" : 5184,
      "required" : ["jquery.sap.global.js", "sap/ui/commons/library.js", "sap/ui/core/Element.js", "ui5loader-autoconfig.js"],
      "includes" : []
    },
    {
      "name" : "sap/ui/commons/layout/ResponsiveFlowLayout.js",
      "description" : "Provides control sap.ui.commons.layout.ResponsiveFlowLayout.",
      "size" : 1622,
      "compressedSize" : 481,
      "required" : ["jquery.sap.global.js", "sap/ui/commons/layout/ResponsiveFlowLayoutRenderer.js", "sap/ui/commons/library.js", "sap/ui/layout/ResponsiveFlowLayout.js", "ui5loader-autoconfig.js"],
      "includes" : []
    },
    {
      "name" : "sap/ui/commons/layout/ResponsiveFlowLayoutData.js",
      "description" : "Provides control sap.ui.commons.layout.ResponsiveFlowLayoutData.",
      "size" : 2279,
      "compressedSize" : 454,
      "required" : ["jquery.sap.global.js", "sap/ui/commons/library.js", "sap/ui/layout/ResponsiveFlowLayoutData.js", "ui5loader-autoconfig.js"],
      "includes" : []
    },
    {
      "name" : "sap/ui/commons/layout/ResponsiveFlowLayoutRenderer.js",
      "description" : "! UI development toolkit for HTML5 (OpenUI5) (c) Copyright 2009-2018 SAP SE or an SAP affiliate company. Licensed under the Apache License, Version 2.0 - see LICENSE.txt.",
      "size" : 520,
      "compressedSize" : 355,
      "required" : ["jquery.sap.global.js", "sap/ui/core/Renderer.js", "sap/ui/layout/ResponsiveFlowLayoutRenderer.js", "ui5loader-autoconfig.js"],
      "includes" : []
    },
    {
      "name" : "sap/ui/commons/layout/VerticalLayout.js",
      "description" : "Provides control sap.ui.commons.layout.VerticalLayout.",
      "size" : 1400,
      "compressedSize" : 463,
      "required" : ["jquery.sap.global.js", "sap/ui/commons/layout/VerticalLayoutRenderer.js", "sap/ui/commons/library.js", "sap/ui/layout/VerticalLayout.js", "ui5loader-autoconfig.js"],
      "includes" : []
    },
    {
      "name" : "sap/ui/commons/layout/VerticalLayoutRenderer.js",
      "description" : "Provides default renderer for control sap.ui.commons.layout.VerticalLayout",
      "size" : 570,
      "compressedSize" : 349,
      "required" : ["jquery.sap.global.js", "sap/ui/core/Renderer.js", "sap/ui/layout/VerticalLayoutRenderer.js", "ui5loader-autoconfig.js"],
      "includes" : []
    },
    {
      "name" : "sap/ui/commons/library-h2-preload.js",
      "size" : 36456,
      "required" : ["jquery.sap.dom.js", "jquery.sap.encoder.js", "jquery.sap.events.js", "jquery.sap.global.js", "jquery.sap.keycodes.js", "jquery.sap.strings.js", "sap/ui/Device.js", "sap/ui/base/DataType.js", "sap/ui/core/Control.js", "sap/ui/core/CustomStyleClassSupport.js", "sap/ui/core/Element.js", "sap/ui/core/ElementMetadata.js", "sap/ui/core/EnabledPropagator.js", "sap/ui/core/History.js", "sap/ui/core/Icon.js", "sap/ui/core/IconPool.js", "sap/ui/core/LabelEnablement.js", "sap/ui/core/Popup.js", "sap/ui/core/RenderManager.js", "sap/ui/core/Renderer.js", "sap/ui/core/ResizeHandler.js", "sap/ui/core/SeparatorItem.js", "sap/ui/core/Title.js", "sap/ui/core/TooltipBase.js", "sap/ui/core/ValueStateSupport.js", "sap/ui/core/date/UniversalDate.js", "sap/ui/core/delegate/ItemNavigation.js", "sap/ui/core/delegate/ScrollEnablement.js", "sap/ui/core/library.js", "sap/ui/core/search/OpenSearchProvider.js", "sap/ui/core/theming/Parameters.js", "sap/ui/layout/HorizontalLayout.js", "sap/ui/layout/HorizontalLayoutRenderer.js", "sap/ui/layout/ResponsiveFlowLayout.js", "sap/ui/layout/ResponsiveFlowLayoutData.js", "sap/ui/layout/ResponsiveFlowLayoutRenderer.js", "sap/ui/layout/VerticalLayout.js", "sap/ui/layout/VerticalLayoutRenderer.js", "sap/ui/layout/form/Form.js", "sap/ui/layout/form/FormContainer.js", "sap/ui/layout/form/FormElement.js", "sap/ui/layout/form/FormLayout.js", "sap/ui/layout/form/FormLayoutRenderer.js", "sap/ui/layout/form/FormRenderer.js", "sap/ui/layout/form/GridContainerData.js", "sap/ui/layout/form/GridElementData.js", "sap/ui/layout/form/GridLayout.js", "sap/ui/layout/form/GridLayoutRenderer.js", "sap/ui/layout/form/ResponsiveLayout.js", "sap/ui/layout/form/ResponsiveLayoutRenderer.js", "sap/ui/layout/form/SimpleForm.js", "sap/ui/layout/form/SimpleFormRenderer.js", "sap/ui/layout/library.js", "sap/ui/model/type/Date.js", "sap/ui/thirdparty/jqueryui/jquery-ui-core.js", "sap/ui/thirdparty/jqueryui/jquery-ui-mouse.js", "sap/ui/thirdparty/jqueryui/jquery-ui-sortable.js", "sap/ui/thirdparty/jqueryui/jquery-ui-widget.js", "sap/ui/unified/ColorPicker.js", "sap/ui/unified/FileUploader.js", "sap/ui/unified/FileUploaderParameter.js", "sap/ui/unified/FileUploaderRenderer.js", "sap/ui/unified/Menu.js", "sap/ui/unified/MenuItem.js", "sap/ui/unified/MenuItemBase.js", "sap/ui/unified/MenuRenderer.js", "sap/ui/unified/MenuTextFieldItem.js", "sap/ui/unified/library.js", "ui5loader-autoconfig.js"],
      "includes" : ["sap/ui/commons/library.js", "sap/ui/commons/manifest.json", "sap/ui/commons/Accordion.js", "sap/ui/commons/AccordionRenderer.js", "sap/ui/commons/AccordionSection.js", "sap/ui/commons/ApplicationHeader.js", "sap/ui/commons/ApplicationHeaderRenderer.js", "sap/ui/commons/Area.js", "sap/ui/commons/AutoComplete.js", "sap/ui/commons/AutoCompleteRenderer.js", "sap/ui/commons/Button.js", "sap/ui/commons/ButtonRenderer.js", "sap/ui/commons/Callout.js", "sap/ui/commons/CalloutBase.js", "sap/ui/commons/CalloutBaseRenderer.js", "sap/ui/commons/CalloutRenderer.js", "sap/ui/commons/Carousel.js", "sap/ui/commons/CarouselRenderer.js", "sap/ui/commons/CheckBox.js", "sap/ui/commons/CheckBoxRenderer.js", "sap/ui/commons/ColorPicker.js", "sap/ui/commons/ComboBox.js", "sap/ui/commons/ComboBoxRenderer.js", "sap/ui/commons/DatePicker.js", "sap/ui/commons/DatePickerRenderer.js", "sap/ui/commons/Dialog.js", "sap/ui/commons/DialogRenderer.js", "sap/ui/commons/DropdownBox.js", "sap/ui/commons/DropdownBoxRenderer.js", "sap/ui/commons/FileUploader.js", "sap/ui/commons/FileUploaderParameter.js", "sap/ui/commons/FileUploaderRenderer.js", "sap/ui/commons/FormattedTextView.js", "sap/ui/commons/FormattedTextViewRenderer.js", "sap/ui/commons/HorizontalDivider.js", "sap/ui/commons/HorizontalDividerRenderer.js", "sap/ui/commons/Image.js", "sap/ui/commons/ImageMap.js", "sap/ui/commons/ImageMapRenderer.js", "sap/ui/commons/ImageRenderer.js", "sap/ui/commons/InPlaceEdit.js", "sap/ui/commons/InPlaceEditRenderer.js", "sap/ui/commons/Label.js", "sap/ui/commons/LabelRenderer.js", "sap/ui/commons/Link.js", "sap/ui/commons/LinkRenderer.js", "sap/ui/commons/ListBox.js", "sap/ui/commons/ListBoxRenderer.js", "sap/ui/commons/Menu.js", "sap/ui/commons/MenuBar.js", "sap/ui/commons/MenuBarRenderer.js", "sap/ui/commons/MenuButton.js", "sap/ui/commons/MenuButtonRenderer.js", "sap/ui/commons/MenuItem.js", "sap/ui/commons/MenuItemBase.js", "sap/ui/commons/MenuRenderer.js", "sap/ui/commons/MenuTextFieldItem.js", "sap/ui/commons/Message.js", "sap/ui/commons/MessageBar.js", "sap/ui/commons/MessageBarRenderer.js", "sap/ui/commons/MessageBox.js", "sap/ui/commons/MessageList.js", "sap/ui/commons/MessageListRenderer.js", "sap/ui/commons/MessageRenderer.js", "sap/ui/commons/MessageToast.js", "sap/ui/commons/MessageToastRenderer.js", "sap/ui/commons/Paginator.js", "sap/ui/commons/PaginatorRenderer.js", "sap/ui/commons/Panel.js", "sap/ui/commons/PanelRenderer.js", "sap/ui/commons/PasswordField.js", "sap/ui/commons/PasswordFieldRenderer.js", "sap/ui/commons/ProgressIndicator.js", "sap/ui/commons/ProgressIndicatorRenderer.js", "sap/ui/commons/RadioButton.js", "sap/ui/commons/RadioButtonGroup.js", "sap/ui/commons/RadioButtonGroupRenderer.js", "sap/ui/commons/RadioButtonRenderer.js", "sap/ui/commons/RangeSlider.js", "sap/ui/commons/RangeSliderRenderer.js", "sap/ui/commons/RatingIndicator.js", "sap/ui/commons/RatingIndicatorRenderer.js", "sap/ui/commons/ResponsiveContainer.js", "sap/ui/commons/ResponsiveContainerRange.js", "sap/ui/commons/ResponsiveContainerRenderer.js", "sap/ui/commons/RichTooltip.js", "sap/ui/commons/RichTooltipRenderer.js", "sap/ui/commons/RoadMap.js", "sap/ui/commons/RoadMapRenderer.js", "sap/ui/commons/RoadMapStep.js", "sap/ui/commons/RowRepeater.js", "sap/ui/commons/RowRepeaterFilter.js", "sap/ui/commons/RowRepeaterRenderer.js", "sap/ui/commons/RowRepeaterSorter.js", "sap/ui/commons/SearchField.js", "sap/ui/commons/SearchFieldRenderer.js", "sap/ui/commons/SearchProvider.js", "sap/ui/commons/SegmentedButton.js", "sap/ui/commons/SegmentedButtonRenderer.js", "sap/ui/commons/Slider.js", "sap/ui/commons/SliderRenderer.js", "sap/ui/commons/Splitter.js", "sap/ui/commons/SplitterRenderer.js", "sap/ui/commons/Tab.js", "sap/ui/commons/TabStrip.js", "sap/ui/commons/TabStripRenderer.js", "sap/ui/commons/TextArea.js", "sap/ui/commons/TextAreaRenderer.js", "sap/ui/commons/TextField.js", "sap/ui/commons/TextFieldRenderer.js", "sap/ui/commons/TextView.js", "sap/ui/commons/TextViewRenderer.js", "sap/ui/commons/Title.js", "sap/ui/commons/ToggleButton.js", "sap/ui/commons/ToggleButtonRenderer.js", "sap/ui/commons/Toolbar.js", "sap/ui/commons/ToolbarRenderer.js", "sap/ui/commons/ToolbarSeparator.js", "sap/ui/commons/Tree.js", "sap/ui/commons/TreeNode.js", "sap/ui/commons/TreeRenderer.js", "sap/ui/commons/TriStateCheckBox.js", "sap/ui/commons/TriStateCheckBoxRenderer.js", "sap/ui/commons/ValueHelpField.js", "sap/ui/commons/ValueHelpFieldRenderer.js", "sap/ui/commons/form/Form.js", "sap/ui/commons/form/FormContainer.js", "sap/ui/commons/form/FormElement.js", "sap/ui/commons/form/FormLayout.js", "sap/ui/commons/form/FormLayoutRenderer.js", "sap/ui/commons/form/FormRenderer.js", "sap/ui/commons/form/GridContainerData.js", "sap/ui/commons/form/GridElementData.js", "sap/ui/commons/form/GridLayout.js", "sap/ui/commons/form/GridLayoutRenderer.js", "sap/ui/commons/form/ResponsiveLayout.js", "sap/ui/commons/form/ResponsiveLayoutRenderer.js", "sap/ui/commons/form/SimpleForm.js", "sap/ui/commons/form/SimpleFormRenderer.js", "sap/ui/commons/layout/AbsoluteLayout.js", "sap/ui/commons/layout/AbsoluteLayoutRenderer.js", "sap/ui/commons/layout/BorderLayout.js", "sap/ui/commons/layout/BorderLayoutArea.js", "sap/ui/commons/layout/BorderLayoutRenderer.js", "sap/ui/commons/layout/HorizontalLayout.js", "sap/ui/commons/layout/HorizontalLayoutRenderer.js", "sap/ui/commons/layout/MatrixLayout.js", "sap/ui/commons/layout/MatrixLayoutCell.js", "sap/ui/commons/layout/MatrixLayoutRenderer.js", "sap/ui/commons/layout/MatrixLayoutRow.js", "sap/ui/commons/layout/PositionContainer.js", "sap/ui/commons/layout/ResponsiveFlowLayout.js", "sap/ui/commons/layout/ResponsiveFlowLayoutData.js", "sap/ui/commons/layout/ResponsiveFlowLayoutRenderer.js", "sap/ui/commons/layout/VerticalLayout.js", "sap/ui/commons/layout/VerticalLayoutRenderer.js"]
    },
    {
      "name" : "sap/ui/commons/library-preload.js",
      "size" : 548388,
      "required" : ["jquery.sap.dom.js", "jquery.sap.encoder.js", "jquery.sap.events.js", "jquery.sap.global.js", "jquery.sap.keycodes.js", "jquery.sap.strings.js", "sap/ui/Device.js", "sap/ui/base/DataType.js", "sap/ui/core/Control.js", "sap/ui/core/CustomStyleClassSupport.js", "sap/ui/core/Element.js", "sap/ui/core/ElementMetadata.js", "sap/ui/core/EnabledPropagator.js", "sap/ui/core/History.js", "sap/ui/core/Icon.js", "sap/ui/core/IconPool.js", "sap/ui/core/LabelEnablement.js", "sap/ui/core/Popup.js", "sap/ui/core/RenderManager.js", "sap/ui/core/Renderer.js", "sap/ui/core/ResizeHandler.js", "sap/ui/core/SeparatorItem.js", "sap/ui/core/Title.js", "sap/ui/core/TooltipBase.js", "sap/ui/core/ValueStateSupport.js", "sap/ui/core/date/UniversalDate.js", "sap/ui/core/delegate/ItemNavigation.js", "sap/ui/core/delegate/ScrollEnablement.js", "sap/ui/core/library.js", "sap/ui/core/search/OpenSearchProvider.js", "sap/ui/core/theming/Parameters.js", "sap/ui/layout/HorizontalLayout.js", "sap/ui/layout/HorizontalLayoutRenderer.js", "sap/ui/layout/ResponsiveFlowLayout.js", "sap/ui/layout/ResponsiveFlowLayoutData.js", "sap/ui/layout/ResponsiveFlowLayoutRenderer.js", "sap/ui/layout/VerticalLayout.js", "sap/ui/layout/VerticalLayoutRenderer.js", "sap/ui/layout/form/Form.js", "sap/ui/layout/form/FormContainer.js", "sap/ui/layout/form/FormElement.js", "sap/ui/layout/form/FormLayout.js", "sap/ui/layout/form/FormLayoutRenderer.js", "sap/ui/layout/form/FormRenderer.js", "sap/ui/layout/form/GridContainerData.js", "sap/ui/layout/form/GridElementData.js", "sap/ui/layout/form/GridLayout.js", "sap/ui/layout/form/GridLayoutRenderer.js", "sap/ui/layout/form/ResponsiveLayout.js", "sap/ui/layout/form/ResponsiveLayoutRenderer.js", "sap/ui/layout/form/SimpleForm.js", "sap/ui/layout/form/SimpleFormRenderer.js", "sap/ui/layout/library.js", "sap/ui/model/type/Date.js", "sap/ui/thirdparty/jqueryui/jquery-ui-core.js", "sap/ui/thirdparty/jqueryui/jquery-ui-mouse.js", "sap/ui/thirdparty/jqueryui/jquery-ui-sortable.js", "sap/ui/thirdparty/jqueryui/jquery-ui-widget.js", "sap/ui/unified/ColorPicker.js", "sap/ui/unified/FileUploader.js", "sap/ui/unified/FileUploaderParameter.js", "sap/ui/unified/FileUploaderRenderer.js", "sap/ui/unified/Menu.js", "sap/ui/unified/MenuItem.js", "sap/ui/unified/MenuItemBase.js", "sap/ui/unified/MenuRenderer.js", "sap/ui/unified/MenuTextFieldItem.js", "sap/ui/unified/library.js", "ui5loader-autoconfig.js"],
      "includes" : ["sap/ui/commons/Accordion.js", "sap/ui/commons/AccordionRenderer.js", "sap/ui/commons/AccordionSection.js", "sap/ui/commons/ApplicationHeader.js", "sap/ui/commons/ApplicationHeaderRenderer.js", "sap/ui/commons/Area.js", "sap/ui/commons/AutoComplete.js", "sap/ui/commons/AutoCompleteRenderer.js", "sap/ui/commons/Button.js", "sap/ui/commons/ButtonRenderer.js", "sap/ui/commons/Callout.js", "sap/ui/commons/CalloutBase.js", "sap/ui/commons/CalloutBaseRenderer.js", "sap/ui/commons/CalloutRenderer.js", "sap/ui/commons/Carousel.js", "sap/ui/commons/CarouselRenderer.js", "sap/ui/commons/CheckBox.js", "sap/ui/commons/CheckBoxRenderer.js", "sap/ui/commons/ColorPicker.js", "sap/ui/commons/ComboBox.js", "sap/ui/commons/ComboBoxRenderer.js", "sap/ui/commons/DatePicker.js", "sap/ui/commons/DatePickerRenderer.js", "sap/ui/commons/Dialog.js", "sap/ui/commons/DialogRenderer.js", "sap/ui/commons/DropdownBox.js", "sap/ui/commons/DropdownBoxRenderer.js", "sap/ui/commons/FileUploader.js", "sap/ui/commons/FileUploaderParameter.js", "sap/ui/commons/FileUploaderRenderer.js", "sap/ui/commons/FormattedTextView.js", "sap/ui/commons/FormattedTextViewRenderer.js", "sap/ui/commons/HorizontalDivider.js", "sap/ui/commons/HorizontalDividerRenderer.js", "sap/ui/commons/Image.js", "sap/ui/commons/ImageMap.js", "sap/ui/commons/ImageMapRenderer.js", "sap/ui/commons/ImageRenderer.js", "sap/ui/commons/InPlaceEdit.js", "sap/ui/commons/InPlaceEditRenderer.js", "sap/ui/commons/Label.js", "sap/ui/commons/LabelRenderer.js", "sap/ui/commons/Link.js", "sap/ui/commons/LinkRenderer.js", "sap/ui/commons/ListBox.js", "sap/ui/commons/ListBoxRenderer.js", "sap/ui/commons/Menu.js", "sap/ui/commons/MenuBar.js", "sap/ui/commons/MenuBarRenderer.js", "sap/ui/commons/MenuButton.js", "sap/ui/commons/MenuButtonRenderer.js", "sap/ui/commons/MenuItem.js", "sap/ui/commons/MenuItemBase.js", "sap/ui/commons/MenuRenderer.js", "sap/ui/commons/MenuTextFieldItem.js", "sap/ui/commons/Message.js", "sap/ui/commons/MessageBar.js", "sap/ui/commons/MessageBarRenderer.js", "sap/ui/commons/MessageBox.js", "sap/ui/commons/MessageList.js", "sap/ui/commons/MessageListRenderer.js", "sap/ui/commons/MessageRenderer.js", "sap/ui/commons/MessageToast.js", "sap/ui/commons/MessageToastRenderer.js", "sap/ui/commons/Paginator.js", "sap/ui/commons/PaginatorRenderer.js", "sap/ui/commons/Panel.js", "sap/ui/commons/PanelRenderer.js", "sap/ui/commons/PasswordField.js", "sap/ui/commons/PasswordFieldRenderer.js", "sap/ui/commons/ProgressIndicator.js", "sap/ui/commons/ProgressIndicatorRenderer.js", "sap/ui/commons/RadioButton.js", "sap/ui/commons/RadioButtonGroup.js", "sap/ui/commons/RadioButtonGroupRenderer.js", "sap/ui/commons/RadioButtonRenderer.js", "sap/ui/commons/RangeSlider.js", "sap/ui/commons/RangeSliderRenderer.js", "sap/ui/commons/RatingIndicator.js", "sap/ui/commons/RatingIndicatorRenderer.js", "sap/ui/commons/ResponsiveContainer.js", "sap/ui/commons/ResponsiveContainerRange.js", "sap/ui/commons/ResponsiveContainerRenderer.js", "sap/ui/commons/RichTooltip.js", "sap/ui/commons/RichTooltipRenderer.js", "sap/ui/commons/RoadMap.js", "sap/ui/commons/RoadMapRenderer.js", "sap/ui/commons/RoadMapStep.js", "sap/ui/commons/RowRepeater.js", "sap/ui/commons/RowRepeaterFilter.js", "sap/ui/commons/RowRepeaterRenderer.js", "sap/ui/commons/RowRepeaterSorter.js", "sap/ui/commons/SearchField.js", "sap/ui/commons/SearchFieldRenderer.js", "sap/ui/commons/SearchProvider.js", "sap/ui/commons/SegmentedButton.js", "sap/ui/commons/SegmentedButtonRenderer.js", "sap/ui/commons/Slider.js", "sap/ui/commons/SliderRenderer.js", "sap/ui/commons/Splitter.js", "sap/ui/commons/SplitterRenderer.js", "sap/ui/commons/Tab.js", "sap/ui/commons/TabStrip.js", "sap/ui/commons/TabStripRenderer.js", "sap/ui/commons/TextArea.js", "sap/ui/commons/TextAreaRenderer.js", "sap/ui/commons/TextField.js", "sap/ui/commons/TextFieldRenderer.js", "sap/ui/commons/TextView.js", "sap/ui/commons/TextViewRenderer.js", "sap/ui/commons/Title.js", "sap/ui/commons/ToggleButton.js", "sap/ui/commons/ToggleButtonRenderer.js", "sap/ui/commons/Toolbar.js", "sap/ui/commons/ToolbarRenderer.js", "sap/ui/commons/ToolbarSeparator.js", "sap/ui/commons/Tree.js", "sap/ui/commons/TreeNode.js", "sap/ui/commons/TreeRenderer.js", "sap/ui/commons/TriStateCheckBox.js", "sap/ui/commons/TriStateCheckBoxRenderer.js", "sap/ui/commons/ValueHelpField.js", "sap/ui/commons/ValueHelpFieldRenderer.js", "sap/ui/commons/form/Form.js", "sap/ui/commons/form/FormContainer.js", "sap/ui/commons/form/FormElement.js", "sap/ui/commons/form/FormLayout.js", "sap/ui/commons/form/FormLayoutRenderer.js", "sap/ui/commons/form/FormRenderer.js", "sap/ui/commons/form/GridContainerData.js", "sap/ui/commons/form/GridElementData.js", "sap/ui/commons/form/GridLayout.js", "sap/ui/commons/form/GridLayoutRenderer.js", "sap/ui/commons/form/ResponsiveLayout.js", "sap/ui/commons/form/ResponsiveLayoutRenderer.js", "sap/ui/commons/form/SimpleForm.js", "sap/ui/commons/form/SimpleFormRenderer.js", "sap/ui/commons/layout/AbsoluteLayout.js", "sap/ui/commons/layout/AbsoluteLayoutRenderer.js", "sap/ui/commons/layout/BorderLayout.js", "sap/ui/commons/layout/BorderLayoutArea.js", "sap/ui/commons/layout/BorderLayoutRenderer.js", "sap/ui/commons/layout/HorizontalLayout.js", "sap/ui/commons/layout/HorizontalLayoutRenderer.js", "sap/ui/commons/layout/MatrixLayout.js", "sap/ui/commons/layout/MatrixLayoutCell.js", "sap/ui/commons/layout/MatrixLayoutRenderer.js", "sap/ui/commons/layout/MatrixLayoutRow.js", "sap/ui/commons/layout/PositionContainer.js", "sap/ui/commons/layout/ResponsiveFlowLayout.js", "sap/ui/commons/layout/ResponsiveFlowLayoutData.js", "sap/ui/commons/layout/ResponsiveFlowLayoutRenderer.js", "sap/ui/commons/layout/VerticalLayout.js", "sap/ui/commons/layout/VerticalLayoutRenderer.js", "sap/ui/commons/library.js", "sap/ui/commons/manifest.json"]
    },
    {
      "name" : "sap/ui/commons/library-preload.json",
      "size" : 0,
      "required" : ["jquery.sap.dom.js", "jquery.sap.encoder.js", "jquery.sap.events.js", "jquery.sap.global.js", "jquery.sap.keycodes.js", "jquery.sap.strings.js", "sap/ui/Device.js", "sap/ui/base/DataType.js", "sap/ui/core/Control.js", "sap/ui/core/CustomStyleClassSupport.js", "sap/ui/core/Element.js", "sap/ui/core/ElementMetadata.js", "sap/ui/core/EnabledPropagator.js", "sap/ui/core/History.js", "sap/ui/core/Icon.js", "sap/ui/core/IconPool.js", "sap/ui/core/LabelEnablement.js", "sap/ui/core/Popup.js", "sap/ui/core/RenderManager.js", "sap/ui/core/Renderer.js", "sap/ui/core/ResizeHandler.js", "sap/ui/core/SeparatorItem.js", "sap/ui/core/Title.js", "sap/ui/core/TooltipBase.js", "sap/ui/core/ValueStateSupport.js", "sap/ui/core/date/UniversalDate.js", "sap/ui/core/delegate/ItemNavigation.js", "sap/ui/core/delegate/ScrollEnablement.js", "sap/ui/core/library-preload.json", "sap/ui/core/library.js", "sap/ui/core/search/OpenSearchProvider.js", "sap/ui/core/theming/Parameters.js", "sap/ui/layout/HorizontalLayout.js", "sap/ui/layout/HorizontalLayoutRenderer.js", "sap/ui/layout/ResponsiveFlowLayout.js", "sap/ui/layout/ResponsiveFlowLayoutData.js", "sap/ui/layout/ResponsiveFlowLayoutRenderer.js", "sap/ui/layout/VerticalLayout.js", "sap/ui/layout/VerticalLayoutRenderer.js", "sap/ui/layout/form/Form.js", "sap/ui/layout/form/FormContainer.js", "sap/ui/layout/form/FormElement.js", "sap/ui/layout/form/FormLayout.js", "sap/ui/layout/form/FormLayoutRenderer.js", "sap/ui/layout/form/FormRenderer.js", "sap/ui/layout/form/GridContainerData.js", "sap/ui/layout/form/GridElementData.js", "sap/ui/layout/form/GridLayout.js", "sap/ui/layout/form/GridLayoutRenderer.js", "sap/ui/layout/form/ResponsiveLayout.js", "sap/ui/layout/form/ResponsiveLayoutRenderer.js", "sap/ui/layout/form/SimpleForm.js", "sap/ui/layout/form/SimpleFormRenderer.js", "sap/ui/layout/library-preload.json", "sap/ui/layout/library.js", "sap/ui/model/type/Date.js", "sap/ui/thirdparty/jqueryui/jquery-ui-core.js", "sap/ui/thirdparty/jqueryui/jquery-ui-mouse.js", "sap/ui/thirdparty/jqueryui/jquery-ui-sortable.js", "sap/ui/thirdparty/jqueryui/jquery-ui-widget.js", "sap/ui/unified/ColorPicker.js", "sap/ui/unified/FileUploader.js", "sap/ui/unified/FileUploaderParameter.js", "sap/ui/unified/FileUploaderRenderer.js", "sap/ui/unified/Menu.js", "sap/ui/unified/MenuItem.js", "sap/ui/unified/MenuItemBase.js", "sap/ui/unified/MenuRenderer.js", "sap/ui/unified/MenuTextFieldItem.js", "sap/ui/unified/library-preload.json", "sap/ui/unified/library.js", "ui5loader-autoconfig.js"],
      "includes" : ["sap/ui/commons/Accordion.js", "sap/ui/commons/AccordionRenderer.js", "sap/ui/commons/AccordionSection.js", "sap/ui/commons/ApplicationHeader.js", "sap/ui/commons/ApplicationHeaderRenderer.js", "sap/ui/commons/Area.js", "sap/ui/commons/AutoComplete.js", "sap/ui/commons/AutoCompleteRenderer.js", "sap/ui/commons/Button.js", "sap/ui/commons/ButtonRenderer.js", "sap/ui/commons/Callout.js", "sap/ui/commons/CalloutBase.js", "sap/ui/commons/CalloutBaseRenderer.js", "sap/ui/commons/CalloutRenderer.js", "sap/ui/commons/Carousel.js", "sap/ui/commons/CarouselRenderer.js", "sap/ui/commons/CheckBox.js", "sap/ui/commons/CheckBoxRenderer.js", "sap/ui/commons/ColorPicker.js", "sap/ui/commons/ComboBox.js", "sap/ui/commons/ComboBoxRenderer.js", "sap/ui/commons/DatePicker.js", "sap/ui/commons/DatePickerRenderer.js", "sap/ui/commons/Dialog.js", "sap/ui/commons/DialogRenderer.js", "sap/ui/commons/DropdownBox.js", "sap/ui/commons/DropdownBoxRenderer.js", "sap/ui/commons/FileUploader.js", "sap/ui/commons/FileUploaderParameter.js", "sap/ui/commons/FileUploaderRenderer.js", "sap/ui/commons/FormattedTextView.js", "sap/ui/commons/FormattedTextViewRenderer.js", "sap/ui/commons/HorizontalDivider.js", "sap/ui/commons/HorizontalDividerRenderer.js", "sap/ui/commons/Image.js", "sap/ui/commons/ImageMap.js", "sap/ui/commons/ImageMapRenderer.js", "sap/ui/commons/ImageRenderer.js", "sap/ui/commons/InPlaceEdit.js", "sap/ui/commons/InPlaceEditRenderer.js", "sap/ui/commons/Label.js", "sap/ui/commons/LabelRenderer.js", "sap/ui/commons/Link.js", "sap/ui/commons/LinkRenderer.js", "sap/ui/commons/ListBox.js", "sap/ui/commons/ListBoxRenderer.js", "sap/ui/commons/Menu.js", "sap/ui/commons/MenuBar.js", "sap/ui/commons/MenuBarRenderer.js", "sap/ui/commons/MenuButton.js", "sap/ui/commons/MenuButtonRenderer.js", "sap/ui/commons/MenuItem.js", "sap/ui/commons/MenuItemBase.js", "sap/ui/commons/MenuRenderer.js", "sap/ui/commons/MenuTextFieldItem.js", "sap/ui/commons/Message.js", "sap/ui/commons/MessageBar.js", "sap/ui/commons/MessageBarRenderer.js", "sap/ui/commons/MessageBox.js", "sap/ui/commons/MessageList.js", "sap/ui/commons/MessageListRenderer.js", "sap/ui/commons/MessageRenderer.js", "sap/ui/commons/MessageToast.js", "sap/ui/commons/MessageToastRenderer.js", "sap/ui/commons/Paginator.js", "sap/ui/commons/PaginatorRenderer.js", "sap/ui/commons/Panel.js", "sap/ui/commons/PanelRenderer.js", "sap/ui/commons/PasswordField.js", "sap/ui/commons/PasswordFieldRenderer.js", "sap/ui/commons/ProgressIndicator.js", "sap/ui/commons/ProgressIndicatorRenderer.js", "sap/ui/commons/RadioButton.js", "sap/ui/commons/RadioButtonGroup.js", "sap/ui/commons/RadioButtonGroupRenderer.js", "sap/ui/commons/RadioButtonRenderer.js", "sap/ui/commons/RangeSlider.js", "sap/ui/commons/RangeSliderRenderer.js", "sap/ui/commons/RatingIndicator.js", "sap/ui/commons/RatingIndicatorRenderer.js", "sap/ui/commons/ResponsiveContainer.js", "sap/ui/commons/ResponsiveContainerRange.js", "sap/ui/commons/ResponsiveContainerRenderer.js", "sap/ui/commons/RichTooltip.js", "sap/ui/commons/RichTooltipRenderer.js", "sap/ui/commons/RoadMap.js", "sap/ui/commons/RoadMapRenderer.js", "sap/ui/commons/RoadMapStep.js", "sap/ui/commons/RowRepeater.js", "sap/ui/commons/RowRepeaterFilter.js", "sap/ui/commons/RowRepeaterRenderer.js", "sap/ui/commons/RowRepeaterSorter.js", "sap/ui/commons/SearchField.js", "sap/ui/commons/SearchFieldRenderer.js", "sap/ui/commons/SearchProvider.js", "sap/ui/commons/SegmentedButton.js", "sap/ui/commons/SegmentedButtonRenderer.js", "sap/ui/commons/Slider.js", "sap/ui/commons/SliderRenderer.js", "sap/ui/commons/Splitter.js", "sap/ui/commons/SplitterRenderer.js", "sap/ui/commons/Tab.js", "sap/ui/commons/TabStrip.js", "sap/ui/commons/TabStripRenderer.js", "sap/ui/commons/TextArea.js", "sap/ui/commons/TextAreaRenderer.js", "sap/ui/commons/TextField.js", "sap/ui/commons/TextFieldRenderer.js", "sap/ui/commons/TextView.js", "sap/ui/commons/TextViewRenderer.js", "sap/ui/commons/Title.js", "sap/ui/commons/ToggleButton.js", "sap/ui/commons/ToggleButtonRenderer.js", "sap/ui/commons/Toolbar.js", "sap/ui/commons/ToolbarRenderer.js", "sap/ui/commons/ToolbarSeparator.js", "sap/ui/commons/Tree.js", "sap/ui/commons/TreeNode.js", "sap/ui/commons/TreeRenderer.js", "sap/ui/commons/TriStateCheckBox.js", "sap/ui/commons/TriStateCheckBoxRenderer.js", "sap/ui/commons/ValueHelpField.js", "sap/ui/commons/ValueHelpFieldRenderer.js", "sap/ui/commons/form/Form.js", "sap/ui/commons/form/FormContainer.js", "sap/ui/commons/form/FormElement.js", "sap/ui/commons/form/FormLayout.js", "sap/ui/commons/form/FormLayoutRenderer.js", "sap/ui/commons/form/FormRenderer.js", "sap/ui/commons/form/GridContainerData.js", "sap/ui/commons/form/GridElementData.js", "sap/ui/commons/form/GridLayout.js", "sap/ui/commons/form/GridLayoutRenderer.js", "sap/ui/commons/form/ResponsiveLayout.js", "sap/ui/commons/form/ResponsiveLayoutRenderer.js", "sap/ui/commons/form/SimpleForm.js", "sap/ui/commons/form/SimpleFormRenderer.js", "sap/ui/commons/layout/AbsoluteLayout.js", "sap/ui/commons/layout/AbsoluteLayoutRenderer.js", "sap/ui/commons/layout/BorderLayout.js", "sap/ui/commons/layout/BorderLayoutArea.js", "sap/ui/commons/layout/BorderLayoutRenderer.js", "sap/ui/commons/layout/HorizontalLayout.js", "sap/ui/commons/layout/HorizontalLayoutRenderer.js", "sap/ui/commons/layout/MatrixLayout.js", "sap/ui/commons/layout/MatrixLayoutCell.js", "sap/ui/commons/layout/MatrixLayoutRenderer.js", "sap/ui/commons/layout/MatrixLayoutRow.js", "sap/ui/commons/layout/PositionContainer.js", "sap/ui/commons/layout/ResponsiveFlowLayout.js", "sap/ui/commons/layout/ResponsiveFlowLayoutData.js", "sap/ui/commons/layout/ResponsiveFlowLayoutRenderer.js", "sap/ui/commons/layout/VerticalLayout.js", "sap/ui/commons/layout/VerticalLayoutRenderer.js", "sap/ui/commons/library.js", "sap/ui/commons/manifest.json"]
    },
    {
      "name" : "sap/ui/commons/library.js",
      "description" : "Initialization Code and shared classes of library sap.ui.commons.",
      "size" : 29496,
      "compressedSize" : 9806,
      "required" : ["jquery.sap.global.js", "sap/ui/base/DataType.js", "sap/ui/commons/Button.js", "sap/ui/core/library.js", "sap/ui/layout/library.js", "sap/ui/unified/library.js", "ui5loader-autoconfig.js"],
      "includes" : []
    },
    {
      "name" : "sap/ui/commons/manifest.json",
      "size" : 6195,
      "required" : [],
      "includes" : []
    },
    {
      "name" : "sap/ui/commons/messagebundle.properties",
      "size" : 7855,
      "required" : [],
      "includes" : []
    },
    {
      "name" : "sap/ui/commons/messagebundle_ar.properties",
      "size" : 12547,
      "required" : [],
      "includes" : []
    },
    {
      "name" : "sap/ui/commons/messagebundle_bg.properties",
      "size" : 14548,
      "required" : [],
      "includes" : []
    },
    {
      "name" : "sap/ui/commons/messagebundle_ca.properties",
      "size" : 8061,
      "required" : [],
      "includes" : []
    },
    {
      "name" : "sap/ui/commons/messagebundle_cs.properties",
      "size" : 8551,
      "required" : [],
      "includes" : []
    },
    {
      "name" : "sap/ui/commons/messagebundle_da.properties",
      "size" : 7850,
      "required" : [],
      "includes" : []
    },
    {
      "name" : "sap/ui/commons/messagebundle_de.properties",
      "size" : 8001,
      "required" : [],
      "includes" : []
    },
    {
      "name" : "sap/ui/commons/messagebundle_el.properties",
      "size" : 13771,
      "required" : [],
      "includes" : []
    },
    {
      "name" : "sap/ui/commons/messagebundle_en.properties",
      "size" : 7552,
      "required" : [],
      "includes" : []
    },
    {
      "name" : "sap/ui/commons/messagebundle_en_US_sappsd.properties",
      "size" : 15858,
      "required" : [],
      "includes" : []
    },
    {
      "name" : "sap/ui/commons/messagebundle_en_US_saptrc.properties",
      "size" : 9553,
      "required" : [],
      "includes" : []
    },
    {
      "name" : "sap/ui/commons/messagebundle_es.properties",
      "size" : 8136,
      "required" : [],
      "includes" : []
    },
    {
      "name" : "sap/ui/commons/messagebundle_et.properties",
      "size" : 8013,
      "required" : [],
      "includes" : []
    },
    {
      "name" : "sap/ui/commons/messagebundle_fi.properties",
      "size" : 8227,
      "required" : [],
      "includes" : []
    },
    {
      "name" : "sap/ui/commons/messagebundle_fr.properties",
      "size" : 8177,
      "required" : [],
      "includes" : []
    },
    {
      "name" : "sap/ui/commons/messagebundle_hi.properties",
      "size" : 12811,
      "required" : [],
      "includes" : []
    },
    {
      "name" : "sap/ui/commons/messagebundle_hr.properties",
      "size" : 8019,
      "required" : [],
      "includes" : []
    },
    {
      "name" : "sap/ui/commons/messagebundle_hu.properties",
      "size" : 8814,
      "required" : [],
      "includes" : []
    },
    {
      "name" : "sap/ui/commons/messagebundle_it.properties",
      "size" : 7985,
      "required" : [],
      "includes" : []
    },
    {
      "name" : "sap/ui/commons/messagebundle_iw.properties",
      "size" : 11233,
      "required" : [],
      "includes" : []
    },
    {
      "name" : "sap/ui/commons/messagebundle_ja.properties",
      "size" : 9929,
      "required" : [],
      "includes" : []
    },
    {
      "name" : "sap/ui/commons/messagebundle_kk.properties",
      "size" : 13707,
      "required" : [],
      "includes" : []
    },
    {
      "name" : "sap/ui/commons/messagebundle_ko.properties",
      "size" : 9602,
      "required" : [],
      "includes" : []
    },
    {
      "name" : "sap/ui/commons/messagebundle_lt.properties",
      "size" : 8581,
      "required" : [],
      "includes" : []
    },
    {
      "name" : "sap/ui/commons/messagebundle_lv.properties",
      "size" : 8667,
      "required" : [],
      "includes" : []
    },
    {
      "name" : "sap/ui/commons/messagebundle_ms.properties",
      "size" : 7796,
      "required" : [],
      "includes" : []
    },
    {
      "name" : "sap/ui/commons/messagebundle_nl.properties",
      "size" : 7772,
      "required" : [],
      "includes" : []
    },
    {
      "name" : "sap/ui/commons/messagebundle_no.properties",
      "size" : 7864,
      "required" : [],
      "includes" : []
    },
    {
      "name" : "sap/ui/commons/messagebundle_pl.properties",
      "size" : 8451,
      "required" : [],
      "includes" : []
    },
    {
      "name" : "sap/ui/commons/messagebundle_pt.properties",
      "size" : 8096,
      "required" : [],
      "includes" : []
    },
    {
      "name" : "sap/ui/commons/messagebundle_ro.properties",
      "size" : 8337,
      "required" : [],
      "includes" : []
    },
    {
      "name" : "sap/ui/commons/messagebundle_ru.properties",
      "size" : 14187,
      "required" : [],
      "includes" : []
    },
    {
      "name" : "sap/ui/commons/messagebundle_sh.properties",
      "size" : 8040,
      "required" : [],
      "includes" : []
    },
    {
      "name" : "sap/ui/commons/messagebundle_sk.properties",
      "size" : 8491,
      "required" : [],
      "includes" : []
    },
    {
      "name" : "sap/ui/commons/messagebundle_sl.properties",
      "size" : 8065,
      "required" : [],
      "includes" : []
    },
    {
      "name" : "sap/ui/commons/messagebundle_sv.properties",
      "size" : 7980,
      "required" : [],
      "includes" : []
    },
    {
      "name" : "sap/ui/commons/messagebundle_th.properties",
      "size" : 12765,
      "required" : [],
      "includes" : []
    },
    {
      "name" : "sap/ui/commons/messagebundle_tr.properties",
      "size" : 8561,
      "required" : [],
      "includes" : []
    },
    {
      "name" : "sap/ui/commons/messagebundle_uk.properties",
      "size" : 14141,
      "required" : [],
      "includes" : []
    },
    {
      "name" : "sap/ui/commons/messagebundle_vi.properties",
      "size" : 9870,
      "required" : [],
      "includes" : []
    },
    {
      "name" : "sap/ui/commons/messagebundle_zh_CN.properties",
      "size" : 8720,
      "required" : [],
      "includes" : []
    },
    {
      "name" : "sap/ui/commons/messagebundle_zh_TW.properties",
      "size" : 8711,
      "required" : [],
      "includes" : []
    }
  ]
}
