{
	"_version": "1.1.0",
	"resources": [
		{
			"name": ".theming",
			"theme": "base"
		},
		{
			"name": "AbsoluteLayout.less",
			"designtime": true,
			"theme": "base"
		},
		{
			"name": "Accordion.less",
			"designtime": true,
			"theme": "base"
		},
		{
			"name": "AccordionSection.less",
			"designtime": true,
			"theme": "base"
		},
		{
			"name": "ApplicationHeader.less",
			"designtime": true,
			"theme": "base"
		},
		{
			"name": "AutoComplete.less",
			"designtime": true,
			"theme": "base"
		},
		{
			"name": "BorderLayout.less",
			"designtime": true,
			"theme": "base"
		},
		{
			"name": "Button.less",
			"designtime": true,
			"theme": "base"
		},
		{
			"name": "Callout.less",
			"designtime": true,
			"theme": "base"
		},
		{
			"name": "CalloutBase.less",
			"designtime": true,
			"theme": "base"
		},
		{
			"name": "Carousel.less",
			"designtime": true,
			"theme": "base"
		},
		{
			"name": "CheckBox.less",
			"designtime": true,
			"theme": "base"
		},
		{
			"name": "ComboBox.less",
			"designtime": true,
			"theme": "base"
		},
		{
			"name": "ControlsInUITable.less",
			"designtime": true,
			"theme": "base"
		},
		{
			"name": "DatePicker.less",
			"designtime": true,
			"theme": "base"
		},
		{
			"name": "Dialog.less",
			"designtime": true,
			"theme": "base"
		},
		{
			"name": "FileUploader.less",
			"designtime": true,
			"theme": "base"
		},
		{
			"name": "Form.less",
			"designtime": true,
			"theme": "base"
		},
		{
			"name": "FormLayout.less",
			"designtime": true,
			"theme": "base"
		},
		{
			"name": "FormattedTextView.less",
			"designtime": true,
			"theme": "base"
		},
		{
			"name": "GridLayout.less",
			"designtime": true,
			"theme": "base"
		},
		{
			"name": "HorizontalDivider.less",
			"designtime": true,
			"theme": "base"
		},
		{
			"name": "HorizontalLayout.less",
			"designtime": true,
			"theme": "base"
		},
		{
			"name": "Image.less",
			"designtime": true,
			"theme": "base"
		},
		{
			"name": "InPlaceEdit.less",
			"designtime": true,
			"theme": "base"
		},
		{
			"name": "Label.less",
			"designtime": true,
			"theme": "base"
		},
		{
			"name": "Link.less",
			"designtime": true,
			"theme": "base"
		},
		{
			"name": "ListBox.less",
			"designtime": true,
			"theme": "base"
		},
		{
			"name": "MenuBar.less",
			"designtime": true,
			"theme": "base"
		},
		{
			"name": "MenuButton.less",
			"designtime": true,
			"theme": "base"
		},
		{
			"name": "Message.less",
			"designtime": true,
			"theme": "base"
		},
		{
			"name": "MessageBar.less",
			"designtime": true,
			"theme": "base"
		},
		{
			"name": "MessageBox.less",
			"designtime": true,
			"theme": "base"
		},
		{
			"name": "MessageList.less",
			"designtime": true,
			"theme": "base"
		},
		{
			"name": "MessageToast.less",
			"designtime": true,
			"theme": "base"
		},
		{
			"name": "Paginator.less",
			"designtime": true,
			"theme": "base"
		},
		{
			"name": "Panel.less",
			"designtime": true,
			"theme": "base"
		},
		{
			"name": "ProgressIndicator.less",
			"designtime": true,
			"theme": "base"
		},
		{
			"name": "RadioButton.less",
			"designtime": true,
			"theme": "base"
		},
		{
			"name": "RadioButtonGroup.less",
			"designtime": true,
			"theme": "base"
		},
		{
			"name": "RatingIndicator.less",
			"designtime": true,
			"theme": "base"
		},
		{
			"name": "ResponsiveContainer.less",
			"designtime": true,
			"theme": "base"
		},
		{
			"name": "ResponsiveFlowLayout.less",
			"designtime": true,
			"theme": "base"
		},
		{
			"name": "ResponsiveLayout.less",
			"designtime": true,
			"theme": "base"
		},
		{
			"name": "RichTooltip.less",
			"designtime": true,
			"theme": "base"
		},
		{
			"name": "RoadMap.less",
			"designtime": true,
			"theme": "base"
		},
		{
			"name": "RowRepeater.less",
			"designtime": true,
			"theme": "base"
		},
		{
			"name": "SearchField.less",
			"designtime": true,
			"theme": "base"
		},
		{
			"name": "SegmentedButton.less",
			"designtime": true,
			"theme": "base"
		},
		{
			"name": "SimpleForm.less",
			"designtime": true,
			"theme": "base"
		},
		{
			"name": "Slider.less",
			"designtime": true,
			"theme": "base"
		},
		{
			"name": "Splitter.less",
			"designtime": true,
			"theme": "base"
		},
		{
			"name": "TabStrip.less",
			"designtime": true,
			"theme": "base"
		},
		{
			"name": "TextArea.less",
			"designtime": true,
			"theme": "base"
		},
		{
			"name": "TextField.less",
			"designtime": true,
			"theme": "base"
		},
		{
			"name": "TextView.less",
			"designtime": true,
			"theme": "base"
		},
		{
			"name": "ToggleButton.less",
			"designtime": true,
			"theme": "base"
		},
		{
			"name": "Toolbar.less",
			"designtime": true,
			"theme": "base"
		},
		{
			"name": "Tree.less",
			"designtime": true,
			"theme": "base"
		},
		{
			"name": "TriStateCheckBox.less",
			"designtime": true,
			"theme": "base"
		},
		{
			"name": "ValueHelpField.less",
			"designtime": true,
			"theme": "base"
		},
		{
			"name": "img-RTL/ColorPicker/Alphaslider_BG.png",
			"theme": "base"
		},
		{
			"name": "img-RTL/ColorPicker/ColorBar.png",
			"theme": "base"
		},
		{
			"name": "img-RTL/ColorPicker/GradientBox.png",
			"theme": "base"
		},
		{
			"name": "img-RTL/TriStateCheckBox.png",
			"theme": "base"
		},
		{
			"name": "img-RTL/accordion/collapsed.gif",
			"theme": "base"
		},
		{
			"name": "img-RTL/accordion/expanded.gif",
			"theme": "base"
		},
		{
			"name": "img-RTL/applicationheader/SAPLogo.png",
			"theme": "base"
		},
		{
			"name": "img-RTL/datepicker/icon_cal.png",
			"theme": "base"
		},
		{
			"name": "img-RTL/datepicker/icon_cal_disabled.png",
			"theme": "base"
		},
		{
			"name": "img-RTL/datepicker/v_add.gif",
			"theme": "base"
		},
		{
			"name": "img-RTL/datepicker/v_add_dsbl.gif",
			"theme": "base"
		},
		{
			"name": "img-RTL/datepicker/v_remove.gif",
			"theme": "base"
		},
		{
			"name": "img-RTL/datepicker/v_remove_dsbl.gif",
			"theme": "base"
		},
		{
			"name": "img-RTL/jQuery/ui-bg_flat_0_aaaaaa_40x100.png",
			"theme": "base"
		},
		{
			"name": "img-RTL/jQuery/ui-bg_flat_75_ffffff_40x100.png",
			"theme": "base"
		},
		{
			"name": "img-RTL/jQuery/ui-bg_glass_55_fbf9ee_1x400.png",
			"theme": "base"
		},
		{
			"name": "img-RTL/jQuery/ui-bg_glass_65_ffffff_1x400.png",
			"theme": "base"
		},
		{
			"name": "img-RTL/jQuery/ui-bg_glass_75_dadada_1x400.png",
			"theme": "base"
		},
		{
			"name": "img-RTL/jQuery/ui-bg_glass_75_e6e6e6_1x400.png",
			"theme": "base"
		},
		{
			"name": "img-RTL/jQuery/ui-bg_glass_95_fef1ec_1x400.png",
			"theme": "base"
		},
		{
			"name": "img-RTL/jQuery/ui-bg_highlight-soft_75_cccccc_1x100.png",
			"theme": "base"
		},
		{
			"name": "img-RTL/jQuery/ui-icons_222222_256x240.png",
			"theme": "base"
		},
		{
			"name": "img-RTL/jQuery/ui-icons_2e83ff_256x240.png",
			"theme": "base"
		},
		{
			"name": "img-RTL/jQuery/ui-icons_454545_256x240.png",
			"theme": "base"
		},
		{
			"name": "img-RTL/jQuery/ui-icons_888888_256x240.png",
			"theme": "base"
		},
		{
			"name": "img-RTL/jQuery/ui-icons_cd0a0a_256x240.png",
			"theme": "base"
		},
		{
			"name": "img-RTL/layout/separationLarge.gif",
			"theme": "base"
		},
		{
			"name": "img-RTL/layout/separationMedium.gif",
			"theme": "base"
		},
		{
			"name": "img-RTL/layout/separationSmall.gif",
			"theme": "base"
		},
		{
			"name": "img-RTL/menu/menuitem-sub-dis.gif",
			"theme": "base"
		},
		{
			"name": "img-RTL/menu/menuitem-sub-hov.gif",
			"theme": "base"
		},
		{
			"name": "img-RTL/menu/menuitem-sub.gif",
			"theme": "base"
		},
		{
			"name": "img-RTL/messagebar/collapsed.gif",
			"theme": "base"
		},
		{
			"name": "img-RTL/messagebar/collapsedRTL.gif",
			"theme": "base"
		},
		{
			"name": "img-RTL/messagebar/expanded.gif",
			"theme": "base"
		},
		{
			"name": "img-RTL/messagebar/float_backgr.gif",
			"theme": "base"
		},
		{
			"name": "img-RTL/messagebar/iconError.gif",
			"theme": "base"
		},
		{
			"name": "img-RTL/messagebar/iconSuccess.gif",
			"theme": "base"
		},
		{
			"name": "img-RTL/messagebar/iconWarning.gif",
			"theme": "base"
		},
		{
			"name": "img-RTL/messagebar/re-dock.gif",
			"theme": "base"
		},
		{
			"name": "img-RTL/messagebar/re-dockRTL.gif",
			"theme": "base"
		},
		{
			"name": "img-RTL/messagebar/toastarrow_Error.gif",
			"theme": "base"
		},
		{
			"name": "img-RTL/messagebar/toastarrow_Success.gif",
			"theme": "base"
		},
		{
			"name": "img-RTL/messagebar/toastarrow_Warning.gif",
			"theme": "base"
		},
		{
			"name": "img-RTL/messagebar/toastarrow_multi.gif",
			"theme": "base"
		},
		{
			"name": "img-RTL/messagebox/critical.gif",
			"theme": "base"
		},
		{
			"name": "img-RTL/messagebox/error.gif",
			"theme": "base"
		},
		{
			"name": "img-RTL/messagebox/information.gif",
			"theme": "base"
		},
		{
			"name": "img-RTL/messagebox/question.gif",
			"theme": "base"
		},
		{
			"name": "img-RTL/messagebox/success.gif",
			"theme": "base"
		},
		{
			"name": "img-RTL/messagebox/warning.gif",
			"theme": "base"
		},
		{
			"name": "img-RTL/paginator/arrow_first.gif",
			"theme": "base"
		},
		{
			"name": "img-RTL/paginator/arrow_last.gif",
			"theme": "base"
		},
		{
			"name": "img-RTL/paginator/arrow_next.gif",
			"theme": "base"
		},
		{
			"name": "img-RTL/paginator/arrow_previous.gif",
			"theme": "base"
		},
		{
			"name": "img-RTL/panel/collapsed.gif",
			"theme": "base"
		},
		{
			"name": "img-RTL/panel/expanded.gif",
			"theme": "base"
		},
		{
			"name": "img-RTL/rating/star_hover.png",
			"theme": "base"
		},
		{
			"name": "img-RTL/rating/star_selected.png",
			"theme": "base"
		},
		{
			"name": "img-RTL/rating/star_unselected.png",
			"theme": "base"
		},
		{
			"name": "img-RTL/richtooltip/ValueState_Error.png",
			"theme": "base"
		},
		{
			"name": "img-RTL/richtooltip/ValueState_Success.png",
			"theme": "base"
		},
		{
			"name": "img-RTL/richtooltip/ValueState_Warning.png",
			"theme": "base"
		},
		{
			"name": "img-RTL/search/search.png",
			"theme": "base"
		},
		{
			"name": "img-RTL/splitter/checkerboard.png",
			"theme": "base"
		},
		{
			"name": "img-RTL/splitter/resize_horizontal.png",
			"theme": "base"
		},
		{
			"name": "img-RTL/splitter/resize_vertical.png",
			"theme": "base"
		},
		{
			"name": "img-RTL/splitter/splitter_horiz_grip.gif",
			"theme": "base"
		},
		{
			"name": "img-RTL/splitter/splitter_vert_grip.gif",
			"theme": "base"
		},
		{
			"name": "img-RTL/toolbar/overflow.png",
			"theme": "base"
		},
		{
			"name": "img-RTL/valuehelpfield/F4-Help_icon_dsbl.png",
			"theme": "base"
		},
		{
			"name": "img-RTL/valuehelpfield/F4-Help_icon_hover.png",
			"theme": "base"
		},
		{
			"name": "img-RTL/valuehelpfield/F4-Help_icon_regular.png",
			"theme": "base"
		},
		{
			"name": "img/ColorPicker/Alphaslider_BG.png",
			"theme": "base"
		},
		{
			"name": "img/ColorPicker/ColorBar.png",
			"theme": "base"
		},
		{
			"name": "img/ColorPicker/GradientBox.png",
			"theme": "base"
		},
		{
			"name": "img/TriStateCheckBox.png",
			"theme": "base"
		},
		{
			"name": "img/accordion/collapsed.gif",
			"theme": "base"
		},
		{
			"name": "img/accordion/expanded.gif",
			"theme": "base"
		},
		{
			"name": "img/applicationheader/SAPLogo.png",
			"theme": "base"
		},
		{
			"name": "img/datepicker/icon_cal.png",
			"theme": "base"
		},
		{
			"name": "img/datepicker/icon_cal_disabled.png",
			"theme": "base"
		},
		{
			"name": "img/datepicker/v_add.gif",
			"theme": "base"
		},
		{
			"name": "img/datepicker/v_add_dsbl.gif",
			"theme": "base"
		},
		{
			"name": "img/datepicker/v_remove.gif",
			"theme": "base"
		},
		{
			"name": "img/datepicker/v_remove_dsbl.gif",
			"theme": "base"
		},
		{
			"name": "img/jQuery/ui-bg_flat_0_aaaaaa_40x100.png",
			"theme": "base"
		},
		{
			"name": "img/jQuery/ui-bg_flat_75_ffffff_40x100.png",
			"theme": "base"
		},
		{
			"name": "img/jQuery/ui-bg_glass_55_fbf9ee_1x400.png",
			"theme": "base"
		},
		{
			"name": "img/jQuery/ui-bg_glass_65_ffffff_1x400.png",
			"theme": "base"
		},
		{
			"name": "img/jQuery/ui-bg_glass_75_dadada_1x400.png",
			"theme": "base"
		},
		{
			"name": "img/jQuery/ui-bg_glass_75_e6e6e6_1x400.png",
			"theme": "base"
		},
		{
			"name": "img/jQuery/ui-bg_glass_95_fef1ec_1x400.png",
			"theme": "base"
		},
		{
			"name": "img/jQuery/ui-bg_highlight-soft_75_cccccc_1x100.png",
			"theme": "base"
		},
		{
			"name": "img/jQuery/ui-icons_222222_256x240.png",
			"theme": "base"
		},
		{
			"name": "img/jQuery/ui-icons_2e83ff_256x240.png",
			"theme": "base"
		},
		{
			"name": "img/jQuery/ui-icons_454545_256x240.png",
			"theme": "base"
		},
		{
			"name": "img/jQuery/ui-icons_888888_256x240.png",
			"theme": "base"
		},
		{
			"name": "img/jQuery/ui-icons_cd0a0a_256x240.png",
			"theme": "base"
		},
		{
			"name": "img/layout/separationLarge.gif",
			"theme": "base"
		},
		{
			"name": "img/layout/separationMedium.gif",
			"theme": "base"
		},
		{
			"name": "img/layout/separationSmall.gif",
			"theme": "base"
		},
		{
			"name": "img/menu/menuitem-sub-dis.gif",
			"theme": "base"
		},
		{
			"name": "img/menu/menuitem-sub-hov.gif",
			"theme": "base"
		},
		{
			"name": "img/menu/menuitem-sub.gif",
			"theme": "base"
		},
		{
			"name": "img/messagebar/collapsed.gif",
			"theme": "base"
		},
		{
			"name": "img/messagebar/collapsedRTL.gif",
			"theme": "base"
		},
		{
			"name": "img/messagebar/expanded.gif",
			"theme": "base"
		},
		{
			"name": "img/messagebar/float_backgr.gif",
			"theme": "base"
		},
		{
			"name": "img/messagebar/iconError.gif",
			"theme": "base"
		},
		{
			"name": "img/messagebar/iconSuccess.gif",
			"theme": "base"
		},
		{
			"name": "img/messagebar/iconWarning.gif",
			"theme": "base"
		},
		{
			"name": "img/messagebar/re-dock.gif",
			"theme": "base"
		},
		{
			"name": "img/messagebar/re-dockRTL.gif",
			"theme": "base"
		},
		{
			"name": "img/messagebar/toastarrow_Error.gif",
			"theme": "base"
		},
		{
			"name": "img/messagebar/toastarrow_Success.gif",
			"theme": "base"
		},
		{
			"name": "img/messagebar/toastarrow_Warning.gif",
			"theme": "base"
		},
		{
			"name": "img/messagebar/toastarrow_multi.gif",
			"theme": "base"
		},
		{
			"name": "img/messagebox/critical.gif",
			"theme": "base"
		},
		{
			"name": "img/messagebox/error.gif",
			"theme": "base"
		},
		{
			"name": "img/messagebox/information.gif",
			"theme": "base"
		},
		{
			"name": "img/messagebox/question.gif",
			"theme": "base"
		},
		{
			"name": "img/messagebox/success.gif",
			"theme": "base"
		},
		{
			"name": "img/messagebox/warning.gif",
			"theme": "base"
		},
		{
			"name": "img/paginator/arrow_first.gif",
			"theme": "base"
		},
		{
			"name": "img/paginator/arrow_last.gif",
			"theme": "base"
		},
		{
			"name": "img/paginator/arrow_next.gif",
			"theme": "base"
		},
		{
			"name": "img/paginator/arrow_previous.gif",
			"theme": "base"
		},
		{
			"name": "img/panel/collapsed.gif",
			"theme": "base"
		},
		{
			"name": "img/panel/expanded.gif",
			"theme": "base"
		},
		{
			"name": "img/rating/star_hover.png",
			"theme": "base"
		},
		{
			"name": "img/rating/star_selected.png",
			"theme": "base"
		},
		{
			"name": "img/rating/star_unselected.png",
			"theme": "base"
		},
		{
			"name": "img/richtooltip/ValueState_Error.png",
			"theme": "base"
		},
		{
			"name": "img/richtooltip/ValueState_Success.png",
			"theme": "base"
		},
		{
			"name": "img/richtooltip/ValueState_Warning.png",
			"theme": "base"
		},
		{
			"name": "img/search/search.png",
			"theme": "base"
		},
		{
			"name": "img/splitter/checkerboard.png",
			"theme": "base"
		},
		{
			"name": "img/splitter/resize_horizontal.png",
			"theme": "base"
		},
		{
			"name": "img/splitter/resize_vertical.png",
			"theme": "base"
		},
		{
			"name": "img/splitter/splitter_horiz_grip.gif",
			"theme": "base"
		},
		{
			"name": "img/splitter/splitter_vert_grip.gif",
			"theme": "base"
		},
		{
			"name": "img/toolbar/overflow.png",
			"theme": "base"
		},
		{
			"name": "img/valuehelpfield/F4-Help_icon_dsbl.png",
			"theme": "base"
		},
		{
			"name": "img/valuehelpfield/F4-Help_icon_hover.png",
			"theme": "base"
		},
		{
			"name": "img/valuehelpfield/F4-Help_icon_regular.png",
			"theme": "base"
		},
		{
			"name": "jQueryUiBase.less",
			"designtime": true,
			"theme": "base"
		},
		{
			"name": "jQueryUiDatepicker.less",
			"designtime": true,
			"theme": "base"
		},
		{
			"name": "layout.less",
			"designtime": true,
			"theme": "base"
		},
		{
			"name": "library-RTL-dbg.css",
			"isDebug": true,
			"theme": "base"
		},
		{
			"name": "library-RTL.css",
			"theme": "base"
		},
		{
			"name": "library-dbg.css",
			"isDebug": true,
			"theme": "base"
		},
		{
			"name": "library-parameters.json",
			"theme": "base"
		},
		{
			"name": "library.css",
			"theme": "base"
		},
		{
			"name": "library.less",
			"designtime": true,
			"theme": "base"
		},
		{
			"name": "library.source.less",
			"designtime": true,
			"theme": "base"
		}
	]
}